Product Name,Brand,Price,Link,Image
Whitening,Opalescence,85,https://www.notino.cz/opalescence/original-formula-belici-zubni-pasta-s-fluoridem/,https://cdn.notinoimg.com/list_2k//opalescence/883205029492_01-o__160127.jpg
Extreme Whitening,Swissdent,315,https://www.notino.cz/swissdent/extreme-zubni-pasta/,https://cdn.notinoimg.com/list_2k//swissdent/7640126190037_01-o__121205.jpg
Whitening Sensitivity Relief,Opalescence,97,https://www.notino.cz/opalescence/sensitivity-relief-belici-pasta-pro-citlive-zuby/,https://cdn.notinoimg.com/list_2k//opalescence/883205029430_01-o__160513.jpg
Whitening,MEDIBLANC,193,https://www.notino.cz/mediblanc/whitening-zubni-pasta-s-belicim-ucinkem/,https://cdn.notinoimg.com/list_2k//mediblanc/3760275386502-o__221107.jpg
Mintperfekt Activ,Ziaja,49,https://www.notino.cz/ziaja/mintperfekt-activ-remineralizujici-zubni-pasta/,https://cdn.notinoimg.com/list_2k//ziaja/5901887039921-o__170327.jpg
Caries Protection Kids,Elmex,86,https://www.notino.cz/elmex/caries-protection-kids-zubni-pasta-pro-deti-73190/,https://cdn.notinoimg.com/list_2k//elmex/7610108056354_01-o__230215.jpg
Whitening Mint,Marvis,104,https://www.notino.cz/marvis/whitening-mint-zubni-pasta-s-belicim-ucinkem/,https://cdn.notinoimg.com/list_2k//marvis/8004395111718_01-o__171120.jpg
Caries Protection,Elmex,494,https://www.notino.cz/elmex/caries-protection-zubni-pasta-chranici-pred-zubnim-kazem-s-fluoridem-73186/,https://cdn.notinoimg.com/list_2k//elmex/4007965560002_11-o__140311.jpg
Tooth Mousse,GC,106,https://www.notino.cz/gc/tooth-mousse-tutti-frutti-remineralizacni-ochranny-krem-pro-citlive-zuby-bez-fluoridu/,https://cdn.notinoimg.com/list_2k//gc/2800011949248_01-o__160324.jpg
Professional White Plus,Splat,96,https://www.notino.cz/splat/professional-white-plus-bioaktivni-zubni-pasta-pro-setrne-beleni-a-ochranu-zubni-skloviny/,https://cdn.notinoimg.com/list_2k//splat/7640168930134_01-o__220908.jpg
Original White,G.U.M,87,https://www.notino.cz/gum/original-white-belici-zubni-pasta/,https://cdn.notinoimg.com/list_2k//gum/gumorwu_ktps10__131106.jpg
Whitening,Parodontax,73,https://www.notino.cz/parodontax/whitening-belici-zubni-pasta-proti-krvaceni-dasni-80256/,https://cdn.notinoimg.com/list_2k//parodontax/5999518582175_01-o__140428.jpg
Natural Siberian Siberian Pearl,Natura Siberica,110,https://www.notino.cz/natura-siberica/natural-siberian-siberian-pearl-belici-zubni-pasta-pro-svezi-dech/,https://cdn.notinoimg.com/list_2k//natura-siberica/4607174437548_01-o__190611.jpg
Sensitive Whitening,Elmex,130,https://www.notino.cz/elmex/sensitive-whitening-pasta-pro-prirozene-bile-zuby-73519/,https://cdn.notinoimg.com/list_2k//elmex/8714789899299_01-o__140528.jpg
Expert Black Whitening,Ecodenta,439,https://www.notino.cz/ecodenta/extra-cerna-belici-zubni-pasta/,https://cdn.notinoimg.com/list_2k//ecodenta/4770001336991_01-o__160825.jpg
Bělící zubní gel,Venira,119,https://www.notino.cz/venira/belici-zubni-gel-mata-belici-gel/,https://cdn.notinoimg.com/list_2k//venira/8594198177122_01-o__230329.jpg
Fast Sensitive Repair,Biorepair,84,https://www.notino.cz/biorepair/fast-sensitive-repair-zubni-pasta/,https://cdn.notinoimg.com/list_2k//biorepair/8017331048443_01-o__220811.jpg
Pro Expert Healthy Whitening,Oral B,245,https://www.notino.cz/oral-b/pro-expert-healthy-whitening-belici-zubni-pasta/,https://cdn.notinoimg.com/list_2k//oral-b/8700216106788_01-o__230904.jpg
Be You,Curaprox,488,https://www.notino.cz/curaprox/be-you-rising-star-regeneracni-zubni-pasta-s-belicim-ucinkem/,https://cdn.notinoimg.com/list_2k//curaprox/7612412429503_01-o__220225.jpg
Crystal Repair and Remineralisation,Swissdent,29,https://www.notino.cz/swissdent/crystal-belici-zubni-pasta/,https://cdn.notinoimg.com/list_2k//swissdent/7640126190655_01-o__220105.jpg
Triple Action Original Mint,Colgate,134,https://www.notino.cz/colgate/triple-action-duopack-zubni-pasta/,https://cdn.notinoimg.com/list_2k//colgate/6920354835971_01-o__230810.jpg
Natural,Jack N’ Jill,102,https://www.notino.cz/jack-n-jill/natural-zubni-pasta-pro-deti/,https://cdn.notinoimg.com/list_2k//jack-n-jill/9312657009017_01-o__230602.jpg
Dental Care,Weleda,97,https://www.notino.cz/weleda/dental-care-detsky-zubni-gel/,https://cdn.notinoimg.com/list_2k//weleda/4001638081863_01-o__121109.jpg
Whitening,MEDIBLANC,193,https://www.notino.cz/mediblanc/whitening-zubni-pasta-s-belicim-ucinkem/,https://cdn.notinoimg.com/list_2k//mediblanc/3760275386502-o__221107.jpg
Whitening,Opalescence,85,https://www.notino.cz/opalescence/original-formula-belici-zubni-pasta-s-fluoridem/,https://cdn.notinoimg.com/list_2k//opalescence/883205029492_01-o__160127.jpg
Healthy Gums,MEDIBLANC,325,https://www.notino.cz/mediblanc/healthy-gums-zubni-pasta-pro-ochranu-dasni/,https://cdn.notinoimg.com/list_2k//mediblanc/8059300530559-o__221027.jpg
Whitening Sensitivity Relief,Opalescence,97,https://www.notino.cz/opalescence/sensitivity-relief-belici-pasta-pro-citlive-zuby/,https://cdn.notinoimg.com/list_2k//opalescence/883205029430_01-o__160513.jpg
Extreme Whitening,Swissdent,315,https://www.notino.cz/swissdent/extreme-zubni-pasta/,https://cdn.notinoimg.com/list_2k//swissdent/7640126190037_01-o__121205.jpg
Gum & Enamel Repair Fresh White,Oral B,112,https://www.notino.cz/oral-b/gum-enamel-repair-extra-fresh-zubni-pasta-pro-svezi-dech/,https://cdn.notinoimg.com/list_2k//oral-b/8001090794413_01-o__240304.jpg
Whitening Herbal,MEDIBLANC,306,https://www.notino.cz/mediblanc/whitening-herbal-bylinna-zubni-pasta-s-belicim-ucinkem/,https://cdn.notinoimg.com/list_2k//mediblanc/8059300538166-o__221027.jpg
Triple Action Original Mint,Colgate,29,https://www.notino.cz/colgate/triple-action-duopack-zubni-pasta/,https://cdn.notinoimg.com/list_2k//colgate/6920354835971_01-o__230810.jpg
Caries Protection Kids,Elmex,86,https://www.notino.cz/elmex/caries-protection-kids-zubni-pasta-pro-deti-73190/,https://cdn.notinoimg.com/list_2k//elmex/7610108056354_01-o__230215.jpg
Original White,G.U.M,96,https://www.notino.cz/gum/original-white-belici-zubni-pasta/,https://cdn.notinoimg.com/list_2k//gum/gumorwu_ktps10__131106.jpg
Natural,Jack N’ Jill,134,https://www.notino.cz/jack-n-jill/natural-zubni-pasta-pro-deti/,https://cdn.notinoimg.com/list_2k//jack-n-jill/9312657009017_01-o__230602.jpg
Mintperfekt Activ,Ziaja,49,https://www.notino.cz/ziaja/mintperfekt-activ-remineralizujici-zubni-pasta/,https://cdn.notinoimg.com/list_2k//ziaja/5901887039921-o__170327.jpg
Teeth,NUK,165,https://www.notino.cz/nuk/teeth-sada-zubni-pecepro-deti/,https://cdn.notinoimg.com/list_2k//nuk/4008600215769_01__210818.jpg
Natural Siberian 7 Northern Herbs,Natura Siberica,90,https://www.notino.cz/natura-siberica/natura-siberica-natural-siberian-7-northern-herbs-zubni-pasta-proti-krvaceni-dasni/,https://cdn.notinoimg.com/list_2k//natura-siberica/4607174437531_01-o__190709.jpg
Professional Choice,White Glo,18,https://www.notino.cz/white-glo/professional-choice-belici-zubni-pasta-na-cesty/,https://cdn.notinoimg.com/list_2k//white-glo/9319871000189_01-o__210524.jpg
Kids 0-6,Biorepair,67,https://www.notino.cz/biorepair/junior-zubni-pasta-pro-deti/,https://cdn.notinoimg.com/list_2k//biorepair/8017331069202_01-o__210205.jpg
Natural Siberian Siberian Pearl,Natura Siberica,73,https://www.notino.cz/natura-siberica/natural-siberian-siberian-pearl-belici-zubni-pasta-pro-svezi-dech/,https://cdn.notinoimg.com/list_2k//natura-siberica/4607174437548_01-o__190611.jpg
Tooth Mousse,GC,494,https://www.notino.cz/gc/tooth-mousse-tutti-frutti-remineralizacni-ochranny-krem-pro-citlive-zuby-bez-fluoridu/,https://cdn.notinoimg.com/list_2k//gc/2800011949248_01-o__160324.jpg
Whitening Mint,Marvis,104,https://www.notino.cz/marvis/whitening-mint-zubni-pasta-s-belicim-ucinkem/,https://cdn.notinoimg.com/list_2k//marvis/8004395111718_01-o__171120.jpg
Caries Protection,Elmex,110,https://www.notino.cz/elmex/caries-protection-zubni-pasta-chranici-pred-zubnim-kazem-s-fluoridem-73186/,https://cdn.notinoimg.com/list_2k//elmex/4007965560002_11-o__140311.jpg
Sensitive Whitening,Elmex,79,https://www.notino.cz/elmex/sensitive-whitening-pasta-pro-prirozene-bile-zuby-73519/,https://cdn.notinoimg.com/list_2k//elmex/8714789899299_01-o__140528.jpg
Junior 6-12 Years,Elmex,130,https://www.notino.cz/elmex/junior-6-12-years-zubni-pasta-pro-deti-73188/,https://cdn.notinoimg.com/list_2k//elmex/9003096004991_01-o__140313.jpg
Expert Black Whitening,Ecodenta,63,https://www.notino.cz/ecodenta/extra-cerna-belici-zubni-pasta/,https://cdn.notinoimg.com/list_2k//ecodenta/4770001336991_01-o__160825.jpg
Whitening,Opalescence,85,https://www.notino.cz/opalescence/original-formula-belici-zubni-pasta-s-fluoridem/,https://cdn.notinoimg.com/list_2k//opalescence/883205029492_01-o__160127.jpg
Whitening Sensitivity Relief,Opalescence,97,https://www.notino.cz/opalescence/sensitivity-relief-belici-pasta-pro-citlive-zuby/,https://cdn.notinoimg.com/list_2k//opalescence/883205029430_01-o__160513.jpg
Extreme Whitening,Swissdent,315,https://www.notino.cz/swissdent/extreme-zubni-pasta/,https://cdn.notinoimg.com/list_2k//swissdent/7640126190037_01-o__121205.jpg
Triple Action Original Mint,Colgate,29,https://www.notino.cz/colgate/triple-action-duopack-zubni-pasta/,https://cdn.notinoimg.com/list_2k//colgate/6920354835971_01-o__230810.jpg
Caries Protection Kids,Elmex,86,https://www.notino.cz/elmex/caries-protection-kids-zubni-pasta-pro-deti-73190/,https://cdn.notinoimg.com/list_2k//elmex/7610108056354_01-o__230215.jpg
Original White,G.U.M,96,https://www.notino.cz/gum/original-white-belici-zubni-pasta/,https://cdn.notinoimg.com/list_2k//gum/gumorwu_ktps10__131106.jpg
Natural,Jack N’ Jill,134,https://www.notino.cz/jack-n-jill/natural-zubni-pasta-pro-deti/,https://cdn.notinoimg.com/list_2k//jack-n-jill/9312657009017_01-o__230602.jpg
Mintperfekt Activ,Ziaja,49,https://www.notino.cz/ziaja/mintperfekt-activ-remineralizujici-zubni-pasta/,https://cdn.notinoimg.com/list_2k//ziaja/5901887039921-o__170327.jpg
Natural Siberian 7 Northern Herbs,Natura Siberica,90,https://www.notino.cz/natura-siberica/natura-siberica-natural-siberian-7-northern-herbs-zubni-pasta-proti-krvaceni-dasni/,https://cdn.notinoimg.com/list_2k//natura-siberica/4607174437531_01-o__190709.jpg
Kids 0-6,Biorepair,67,https://www.notino.cz/biorepair/junior-zubni-pasta-pro-deti/,https://cdn.notinoimg.com/list_2k//biorepair/8017331069202_01-o__210205.jpg
Professional Choice,White Glo,18,https://www.notino.cz/white-glo/professional-choice-belici-zubni-pasta-na-cesty/,https://cdn.notinoimg.com/list_2k//white-glo/9319871000189_01-o__210524.jpg
Tooth Mousse,GC,494,https://www.notino.cz/gc/tooth-mousse-tutti-frutti-remineralizacni-ochranny-krem-pro-citlive-zuby-bez-fluoridu/,https://cdn.notinoimg.com/list_2k//gc/2800011949248_01-o__160324.jpg
Natural Siberian Siberian Pearl,Natura Siberica,73,https://www.notino.cz/natura-siberica/natural-siberian-siberian-pearl-belici-zubni-pasta-pro-svezi-dech/,https://cdn.notinoimg.com/list_2k//natura-siberica/4607174437548_01-o__190611.jpg
Caries Protection,Elmex,104,https://www.notino.cz/elmex/caries-protection-zubni-pasta-chranici-pred-zubnim-kazem-s-fluoridem-73186/,https://cdn.notinoimg.com/list_2k//elmex/4007965560002_11-o__140311.jpg
Whitening Mint,Marvis,79,https://www.notino.cz/marvis/whitening-mint-zubni-pasta-s-belicim-ucinkem/,https://cdn.notinoimg.com/list_2k//marvis/8004395111718_01-o__171120.jpg
Junior 6-12 Years,Elmex,193,https://www.notino.cz/elmex/junior-6-12-years-zubni-pasta-pro-deti-73188/,https://cdn.notinoimg.com/list_2k//elmex/9003096004991_01-o__140313.jpg
Whitening,MEDIBLANC,110,https://www.notino.cz/mediblanc/whitening-zubni-pasta-s-belicim-ucinkem/,https://cdn.notinoimg.com/list_2k//mediblanc/3760275386502-o__221107.jpg
Sensitive Whitening,Elmex,102,https://www.notino.cz/elmex/sensitive-whitening-pasta-pro-prirozene-bile-zuby-73519/,https://cdn.notinoimg.com/list_2k//elmex/8714789899299_01-o__140528.jpg
Dental Care,Weleda,130,https://www.notino.cz/weleda/dental-care-detsky-zubni-gel/,https://cdn.notinoimg.com/list_2k//weleda/4001638081863_01-o__121109.jpg
Expert Black Whitening,Ecodenta,63,https://www.notino.cz/ecodenta/extra-cerna-belici-zubni-pasta/,https://cdn.notinoimg.com/list_2k//ecodenta/4770001336991_01-o__160825.jpg
Gum Protection,Meridol,245,https://www.notino.cz/meridol/meridol-zubni-pasta-proti-krvaceni-dasni/,https://cdn.notinoimg.com/list_2k//meridol/8718951459885_01-o__220524.jpg
Be You,Curaprox,97,https://www.notino.cz/curaprox/be-you-rising-star-regeneracni-zubni-pasta-s-belicim-ucinkem/,https://cdn.notinoimg.com/list_2k//curaprox/7612412429503_01-o__220225.jpg
Professional Medical Herbs,Splat,84,https://www.notino.cz/splat/professional-medical-herbs-bioaktivni-zubni-pasta-pro-ochranu-zubu-a-dasni/,https://cdn.notinoimg.com/list_2k//splat/7640168930097_01-o__220908.jpg
Parodont Expert,Meridol,172,https://www.notino.cz/meridol/parodont-expert-zubni-pasta-proti-krvaceni-dasni-a-parodontoze-297934/,https://cdn.notinoimg.com/list_2k//meridol/8718951132771_01-o__230807.jpg
Orange Blossom Bloom,Marvis,205,https://www.notino.cz/marvis/marvis-orange-blossom-bloom-zubni-pasta/,https://cdn.notinoimg.com/list_2k//marvis/8004395111626_01-o__190911.jpg
Biomed Gum Health,Splat,94,https://www.notino.cz/splat/biomed-gum-health-prirodni-zubni-pasta/,https://cdn.notinoimg.com/list_2k//splat/2800015078395_01-o__220908.jpg
Biomed Sensitive,Splat,91,https://www.notino.cz/splat/biomed-sensitive-bioaktivni-zubni-pasta-pro-snizeni-citlivosti-zubu-a-zdrave-dasne/,https://cdn.notinoimg.com/list_2k//splat/2800015078371_01-o__220908.jpg
Enzycal 950,Curaprox,142,https://www.notino.cz/curaprox/enzycal-950-zubni-pasta/,https://cdn.notinoimg.com/list_2k//curaprox/7612412422436_01-o__150224.jpg
Biomed Citrus Fresh,Splat,96,https://www.notino.cz/splat/biomed-citrus-fresh-zubni-pasta-pro-ochranu-dasni/,https://cdn.notinoimg.com/list_2k//splat/2800015078364_01-o__220908.jpg
Antiplaca,DentYucral,113,https://www.notino.cz/dentyucral/antiplaca-belici-zubni-pudr/,https://cdn.notinoimg.com/list_2k//dentyucral/8470002079021_01-o__220818.jpg
Anti-Caries Professional,Elmex,148,https://www.notino.cz/elmex/anti-caries-professional-zubni-pasta-chranici-pred-zubnim-kazem/,https://cdn.notinoimg.com/list_2k//elmex/8718951279551_01-o__220203.jpg
Professional Ultracomplex,Splat,105,https://www.notino.cz/splat/professional-ultracomplex-bioaktivni-zubni-pasta-pro-komplexni-peci-a-beleni-citlivych-zubu/,https://cdn.notinoimg.com/list_2k//splat/7640168930172_01-o__220909.jpg
Gentle,Swissdent,188,https://www.notino.cz/swissdent/gentle-zubni-pasta/,https://cdn.notinoimg.com/list_2k//swissdent/7640126190020_01-o_02__130304.jpg
Gum Protection Whitening,Meridol,98,https://www.notino.cz/meridol/dental-care-belici-zubni-pasta/,https://cdn.notinoimg.com/list_2k//meridol/8718951560352_01-o__230807.jpg
Black is White,Curaprox,519,https://www.notino.cz/curaprox/black-is-white-belici-pasta-s-aktivnim-uhlim-a-hydroxyapatitem/,https://cdn.notinoimg.com/list_2k//curaprox/7612412423822_01-o__170127.jpg
Smile Aloe Vera,White Pearl,58,https://www.notino.cz/white-pearl/smile-aloe-vera-zubni-pasta-pro-zdrave-zuby-a-dasne/,https://cdn.notinoimg.com/list_2k//white-pearl/whpalow_ktps10_01__150611.jpg
Natural Extracts Aloe Vera,Colgate,71,https://www.notino.cz/colgate/natural-extracts-aloe-vera-bylinna-zubni-pasta/,https://cdn.notinoimg.com/list_2k//colgate/6920354835834_01-o__230630.jpg
Extra Fresh and Remineralising,Ecodenta,76,https://www.notino.cz/ecodenta/extra-fresh-and-remineralising-remineralizacni-zubni-pasta/,https://cdn.notinoimg.com/list_2k//ecodenta/4770001004913_01__220606.jpg
Sensi-Relief,MEDIBLANC,300,https://www.notino.cz/mediblanc/sensi-relief-zubni-pasta-pro-citlive-zuby/,https://cdn.notinoimg.com/list_2k//mediblanc/3760275382412-o__221027.jpg
NanoCare,White Pearl,125,https://www.notino.cz/white-pearl/nanocare-zubni-pasta/,https://cdn.notinoimg.com/list_2k//white-pearl/whpnanw_ktps10_01__150609.jpg
Herbal Fresh,Signal,32,https://www.notino.cz/signal/herbal-fresh-zubni-pasta/,https://cdn.notinoimg.com/list_2k//signal/sighrfu_ktps05__150511.jpg
Sensitivity & Gum Whitening,Sensodyne,127,https://www.notino.cz/sensodyne/sensitivity-gum-whitening-belici-zubni-pasta-pro-ochranu-zubu-a-dasni-577855/,https://cdn.notinoimg.com/list_2k//sensodyne/5054563050816_01-o__210908.jpg
Glo Express White,White Glo,137,https://www.notino.cz/white-glo/charcoal/,https://cdn.notinoimg.com/list_2k//white-glo/9319871002770_01-o__231109.jpg
ADS DNA 720,Curasept,167,https://www.notino.cz/curasept/ads-dna-720-gelova-zubni-pasta/,https://cdn.notinoimg.com/list_2k//curasept/8056746073411_01-o__240503.jpg
Natural Toothpaste White,BEN&ANNA,145,https://www.notino.cz/benanna/natural-toothpaste-white-belici-zubni-pasta/,https://cdn.notinoimg.com/list_2k//benanna/4260491220516_01-o__221101.jpg
Max White White Crystals,Colgate,54,https://www.notino.cz/colgate/max-white-white-crystals-belici-zubni-pasta/,https://cdn.notinoimg.com/list_2k//colgate/8718951313835_01-o__240229.jpg
Black is White,Curaprox,182,https://www.notino.cz/curaprox/black-is-white-kosmeticka-sada-ii/,https://cdn.notinoimg.com/list_2k//curaprox/7612412424614_01-o__170314.jpg
Green Multifunctional,Ecodenta,78,https://www.notino.cz/ecodenta/green-multifunctional-zubni-pasta-pro-kompletni-ochranu-zubu/,https://cdn.notinoimg.com/list_2k//ecodenta/4770001335314_01-o__170112.jpg
Caries Protection Whitening,Elmex,110,https://www.notino.cz/elmex/caries-protection-whitening-belici-zubni-pasta-s-fluoridem/,https://cdn.notinoimg.com/list_2k//elmex/8718951240858_11-o__190416.jpg
Pronamel Daily Protection,Sensodyne,100,https://www.notino.cz/sensodyne/pro-namel-zubni-pasta-chranici-zubni-sklovinu/,https://cdn.notinoimg.com/list_2k//sensodyne/5999518572138_01-o__221027.jpg
Biosmalto Mousse,Curasept,407,https://www.notino.cz/curasept/biosmalto-mousse-pro-obnoveni-zubni-skloviny/,https://cdn.notinoimg.com/list_2k//curasept/8056746071240_01-o__220202.jpg
Advanced Clean,Sensodyne,100,https://www.notino.cz/sensodyne/advanced-clean-zubni-pasta-s-fluoridem-pro-kompletni-ochranu-zubu/,https://cdn.notinoimg.com/list_2k//sensodyne/5054563014757_01-o__170106.jpg
Pro Expert Deep Clean,Oral B,73,https://www.notino.cz/oral-b/pro-expert-deep-clean-osvezujici-zubni-pasta/,https://cdn.notinoimg.com/list_2k//oral-b/8700216106733_01-o__230904.jpg
Kids 6+,Curaprox,143,https://www.notino.cz/curaprox/kids-6-watermelon-zubni-pasta-pro-deti/,https://cdn.notinoimg.com/list_2k//curaprox/7612412429480_01-o__211122.jpg
Propolis Healthy Gums,Colgate,35,https://www.notino.cz/colgate/propolis-healthy-gums-zubni-pasta-pro-citlive-zuby/,https://cdn.notinoimg.com/list_2k//colgate/6920354836039_01-o__230510.jpg
Expert,Perl Weiss,129,https://www.notino.cz/perl-weiss/expert-belici-zubni-pasta/,https://cdn.notinoimg.com/list_2k//perl_weiss/4008890009437_01__240111.jpg
Max Fresh Cooling Crystals,Colgate,45,https://www.notino.cz/colgate/max-fresh-cooling-crystals-belici-zubni-pasta/,https://cdn.notinoimg.com/list_2k//colgate/8718951313255_01-o__220524.jpg
Extra Fresh,Parodontax,108,https://www.notino.cz/parodontax/extra-fresh-zubni-pasta-proti-krvaceni-dasni-80292/,https://cdn.notinoimg.com/list_2k//parodontax/3830029294626_01__140428.jpg
Be You Express Yourself,Curaprox,393,https://www.notino.cz/curaprox/be-you-express-yourself-kosmeticka-sada-i/,https://cdn.notinoimg.com/list_2k//curaprox/7612412425673_02-o__180918.jpg
Opti-namel Seal & Strengthen,Elmex,176,https://www.notino.cz/elmex/opti-namel-seal-strengthen-zubni-pasta-chranici-zubni-sklovinu/,https://cdn.notinoimg.com/list_2k//elmex/7610108054824_01-o__230215.jpg
3D White Luxe Perfection,Blend-a-med,101,https://www.notino.cz/blend-a-med/3d-white-luxe-perfection-belici-pasta-proti-skvrnam-na-zubni-sklovine/,https://cdn.notinoimg.com/list_2k//blend-a-med/4084500743847_01-o__240426.jpg
Ortho,G.U.M,86,https://www.notino.cz/gum/ortho-zubni-pasta-pro-uzivatele-fixnich-rovnatek/,https://cdn.notinoimg.com/list_2k//gum/gumortw_ktps40_01__151102.jpg
Sweet & Sour Rhubarb,Marvis,205,https://www.notino.cz/marvis/marvis-sweet-sour-rhubarb-zubni-pasta/,https://cdn.notinoimg.com/list_2k//marvis/8004395111640_01-o__190911.jpg
Natural Toothpaste Tablets with Fluoride,Denttabs,149,https://www.notino.cz/denttabs/natural-toothpaste-tablets-with-fluoride-zubni-pasta-s-fluoridem-v-tabletach/,https://cdn.notinoimg.com/list_2k//denttabs/4260066813006_01-o__231115.jpg
Girls,Pink Elephant,28,https://www.notino.cz/pink-elephant/girls-zubni-pasta-pro-deti/,https://cdn.notinoimg.com/list_2k//pink_elephant/8588006040913_01__230116.jpg
Pro Expert Professional Protection,Oral B,85,https://www.notino.cz/oral-b/pro-expert-professional-protection-zubni-pasta-pro-ochranu-dasni/,https://cdn.notinoimg.com/list_2k//oral-b/8700216106863_01-o__230904.jpg
Sensitivity & Gum,Sensodyne,120,https://www.notino.cz/sensodyne/sensitivity-gum-zubni-pasta-pro-citlive-zuby-577854/,https://cdn.notinoimg.com/list_2k//sensodyne/5054563157904_01-o__240514.jpg
Exceptional Whitening,Ecodenta,121,https://www.notino.cz/ecodenta/exceptional-whitening-belici-zubni-pasta/,https://cdn.notinoimg.com/list_2k//ecodenta/4770001337103_01-o__210809.jpg
Integral 8 Natural Elements,Signal,53,https://www.notino.cz/signal/integral-8-natural-elements-zubni-pasta/,https://cdn.notinoimg.com/list_2k//signal/8710447328095_01-o__221019.jpg
Gum And Sens Whitening,Parodontax,128,https://www.notino.cz/parodontax/gum-and-sens-whitening-belici-pasta-na-zuby-5023272/,https://cdn.notinoimg.com/list_2k//parodontax/5054563120434_01-o__220427.jpg
3D White,Blend-a-med,37,https://www.notino.cz/blend-a-med/3d-white-zubni-pasta-s-belicim-ucinkem/,https://cdn.notinoimg.com/list_2k//blend-a-med/ble3dww_ktps05_01__170130.jpg
Advanced White Charcoal,Colgate,45,https://www.notino.cz/colgate/advanced-white-charcoal-zubni-pasta-s-aktivnim-uhlim/,https://cdn.notinoimg.com/list_2k//colgate/8718951253827_01-o__240229.jpg
Clove,Eva,100,https://www.notino.cz/eva/cloves-belici-zubni-pudr-3-v-1/,https://cdn.notinoimg.com/list_2k//eva/6223001385349_01-o__211115.jpg
Menthol,Eva,100,https://www.notino.cz/eva/menthol-belici-zubni-pudr-3-v-1/,https://cdn.notinoimg.com/list_2k//eva/6223001385356_01-o__211115.jpg
Toothpaste Life's a Beach,HAAN,163,https://www.notino.cz/haan/toothpaste-lifes-a-beach-zubni-pasta-bez-fluoridu-plnitelna/,https://cdn.notinoimg.com/list_2k//haan/5060917120081_01-o__220405.jpg
Biomed Charcoal,Splat,109,https://www.notino.cz/splat/biomed-charcoal-belici-zubni-pasta-s-aktivnim-uhlim/,https://cdn.notinoimg.com/list_2k//splat/2800015078388_01-o__220908.jpg
Gum & Enamel Repair Fresh White,Oral B,112,https://www.notino.cz/oral-b/gum-enamel-repair-extra-fresh-zubni-pasta-pro-svezi-dech/,https://cdn.notinoimg.com/list_2k//oral-b/8001090794413_01-o__240304.jpg
Ewa Chodakowska Sensitive Papaya & Mint,beBIO,99,https://www.notino.cz/bebio/ewa-chodakowska-sensitive-papaya-prirodni-pasta-pro-citlive-zuby/,https://cdn.notinoimg.com/list_2k//bebio/5908233661348_01-o__220824.jpg
Junior,Tołpa,30,https://www.notino.cz/tolpa/junior-zubni-pasta-pro-deti/,https://cdn.notinoimg.com/list_2k//tolpa/5902719419263_01-o__210414.jpg
Max White Limited Edition,Colgate,79,https://www.notino.cz/colgate/max-white-limited-edition-osvezujici-zubni-pasta-limitovana-edice/,https://cdn.notinoimg.com/list_2k//colgate/8718951372498_01-o__230130.jpg
Kids 3+ Years,Colgate,58,https://www.notino.cz/colgate/kids-3-years-zubni-pasta-pro-deti-3-6-let-s-fluoridem/,https://cdn.notinoimg.com/list_2k//colgate/8718951321434_01-o__200212.jpg
Professional,Whitewash,166,https://www.notino.cz/whitewash/professional-belici-zubni-pasta-s-casteckami-stribra/,https://cdn.notinoimg.com/list_2k//whitewash/5060249420002_01-o__151013.jpg
24 h Caries Protection,Signal,26,https://www.notino.cz/signal/24-h-caries-protection-zubni-pasta-chranici-pred-zubnim-kazem/,https://cdn.notinoimg.com/list_2k//signal/8710522427323_01-o__221114.jpg
Sensitive Professional Repair & Prevent,Elmex,159,https://www.notino.cz/elmex/sensitive-professional-repair-prevent-zubni-pasta-pro-citlive-zuby-525836/,https://cdn.notinoimg.com/list_2k//elmex/8718951193765_01-o__190409.jpg
Toothpaste,Jack N’ Jill,118,https://www.notino.cz/jack-n-jill/toothpaste-prirodni-zubni-pasta-pro-deti/,https://cdn.notinoimg.com/list_2k//jack-n-jill/9312657108031_01__210924.jpg
Paw Patrol Toothpaste,Nickelodeon,65,https://www.notino.cz/ep-line/paw-patrol-zubni-pasta-pro-deti-s-jahodovou-prichuti/,https://cdn.notinoimg.com/list_2k//ep-line/8412428011124_01-o__210413.jpg
ADS Protective,Curasept,174,https://www.notino.cz/curasept/ads-protective-pasta-proti-zubnimu-plaku-a-pro-zdrave-dasne/,https://cdn.notinoimg.com/list_2k//curasept/8056746070250_01-o__220203.jpg
Pro White,Biorepair,119,https://www.notino.cz/biorepair/whitening-belici-zubni-pasta/,https://cdn.notinoimg.com/list_2k//biorepair/brpwhiw_ktps45__130828.jpg
Gum Protection Fresh Breath,Meridol,111,https://www.notino.cz/meridol/dental-care-zubni-pasta-pro-svezi-dech/,https://cdn.notinoimg.com/list_2k//meridol/8718951455528_01-o__230807.jpg
Pronamel Junior,Sensodyne,79,https://www.notino.cz/sensodyne/pro-namel-zubni-pasta-s-fluoridem/,https://cdn.notinoimg.com/list_2k//sensodyne/8590335006812_01-o__140401.jpg
Protect 7 Crystal White,Blend-a-med,36,https://www.notino.cz/blend-a-med/protect-7-crystal-white-zubni-pasta-pro-kompletni-ochranu-zubu/,https://cdn.notinoimg.com/list_2k//blend-a-med/8006540390917_01-o__220816.jpg
Professional Gum Intensive Care & Bacteria Guard,Oral B,81,https://www.notino.cz/oral-b/professional-gum-intensive-care-bacteria-guard-bylinna-zubni-pasta/,https://cdn.notinoimg.com/list_2k//oral-b/8001841182674_01-o__220701.jpg
Pro Advanced Sensitivity&Gum Calm,Oral B,110,https://www.notino.cz/oral-b/professional-sensitivity-gum-calm-gentle-whitening-belici-zubni-pasta/,https://cdn.notinoimg.com/list_2k//oral-b/8001841520285_01-o__220701.jpg
Complete Protection Whitening,Sensodyne,130,https://www.notino.cz/sensodyne/complete-protection-whitening-belici-zubni-pasta-5023271/,https://cdn.notinoimg.com/list_2k//sensodyne/5054563119698_01-o__220920.jpg
Fluoride Free,Blue M,65,https://www.notino.cz/blue-m/fluoride-free-zubni-pasta-bez-fluoridu/,https://cdn.notinoimg.com/list_2k//bluem/705105335056_01-o__211111.jpg
White Now,Signal,80,https://www.notino.cz/signal/white-now-zubni-pasta-s-belicim-ucinkem/,https://cdn.notinoimg.com/list_2k//signal/8717644461068_01-o__230106.jpg
Toothpaste Spearmint,BEN&ANNA,102,https://www.notino.cz/benanna/toothpaste-spearmint-prirodni-zubni-pasta-s-fluoridem/,https://cdn.notinoimg.com/list_2k//benanna/4260491223050_01-o__230331.jpg
Perio Plus+ Support 0.09 CHX,Curaprox,226,https://www.notino.cz/curaprox/perio-plus-support-009-chx-zubni-pasta-proti-krvaceni-dasni-a-parodontoze/,https://cdn.notinoimg.com/list_2k//curaprox/7612412427288_01-o__191204.jpg
Dentica Ultra White,Tołpa,34,https://www.notino.cz/tolpa/dentica-ultra-white-belici-zubni-pasta/,https://cdn.notinoimg.com/list_2k//tolpa/5902719419249_01-o__210414.jpg
Protect 7 Extra Fresh,Blend-a-med,33,https://www.notino.cz/blend-a-med/protect-7-extra-fresh-zubni-pasta-pro-svezi-dech/,https://cdn.notinoimg.com/list_2k//blend-a-med/8001090717757_01-o__230221.jpg
Aktiv,Lacalut,90,https://www.notino.cz/lacalut/aktiv-zubni-pasta-proti-parodontoze/,https://cdn.notinoimg.com/list_2k//lacalut/4010439200861_02__131023.jpg
Sensitive Plus Complete Protection,Elmex,176,https://www.notino.cz/elmex/sensitive-plus-complete-protection-posilujici-zubni-pasta-6058209/,https://cdn.notinoimg.com/list_2k//elmex/8718951501904_01-o__220627.jpg
NanoCare Whitening,White Pearl,188,https://www.notino.cz/white-pearl/nanocare-whitening-zubni-pasta-s-nanocasticemi-stribra-proti-skvrnam-na-zubni-sklovine/,https://cdn.notinoimg.com/list_2k//white-pearl/whpnaww_ktps10_01__160520.jpg
System PAP Whitening,White Pearl,945,https://www.notino.cz/white-pearl/system-pap-whitening-belici-gel/,https://cdn.notinoimg.com/list_2k//white-pearl/8594069333213_01-o__221116.jpg
White Now Detox Coconut,Signal,111,https://www.notino.cz/signal/white-now-detox-coconut-belici-zubni-pasta/,https://cdn.notinoimg.com/list_2k//signal/8710604754248_01-o__200217.jpg
Smokers Formula,White Glo,150,https://www.notino.cz/white-glo/smokers-formula-kosmeticka-sada-i/,https://cdn.notinoimg.com/list_2k//white-glo/whgsmow_kset10_01__151016.jpg
Carbon+ Toothpaste,WOOM,136,https://www.notino.cz/woom/carbon-toothpaste-cerna-belici-zubni-pasta/,https://cdn.notinoimg.com/list_2k//woom/8420075180322_01-o__220629.jpg
4x4 Test The Best,Swissdent,258,https://www.notino.cz/swissdent/4x4-test-the-best-sada-zubni-pece/,https://cdn.notinoimg.com/list_2k//swissdent/7640126190419_01-o__220829.jpg
The Mints Ginger,Marvis,93,https://www.notino.cz/marvis/ginger-mint-zubni-pasta/,https://cdn.notinoimg.com/list_2k//marvis/8004395111732_01-o__171120.jpg
Caries Protection,Elmex,119,https://www.notino.cz/elmex/caries-protection-zubni-pasta-bez-mentolu/,https://cdn.notinoimg.com/list_2k//elmex/4007965015557_01-o__221128.jpg
Travel Dental Set,Minions,158,https://www.notino.cz/minions/travel-dental-set-sada-zubni-pece-3ypro-deti/,https://cdn.notinoimg.com/list_2k//minions/8032979437633_01-o__220902.jpg
Kids Cookies 'n' Vanilla Ice Cream,Ziaja,38,https://www.notino.cz/ziaja/kids-cookiesn-vanilla-ice-cream-zubni-pasta-pro-deti/,https://cdn.notinoimg.com/list_2k//ziaja/5901887028055_01-o__150622.jpg
Enamel Regeneration,Oral B,116,https://www.notino.cz/oral-b/professional-regenerate-enamel-daily-protection-zubni-pasta-pro-posileni-zubni-skloviny/,https://cdn.notinoimg.com/list_2k//oral-b/8001090247544_01-o__221031.jpg
Total Original,Colgate,97,https://www.notino.cz/colgate/total-original-zubni-pasta/,https://cdn.notinoimg.com/list_2k//colgate/8590232001149_01-o__230301.jpg
Complete Protection Extra Fresh,Parodontax,129,https://www.notino.cz/parodontax/complete-protection-extra-fresh-zubni-pasta-s-fluoridem-pro-zdrave-zuby-a-dasne/,https://cdn.notinoimg.com/list_2k//parodontax/5054563040596_01-o__180504.jpg
Crystal Combo Pack,Swissdent,400,https://www.notino.cz/swissdent/crystal-sada-zubni-pece/,https://cdn.notinoimg.com/list_2k//swissdent/7640126890050_01-o__220829.jpg
Daily White,Signal,33,https://www.notino.cz/signal/daily-white-zubni-pasta-s-belicim-ucinkem/,https://cdn.notinoimg.com/list_2k//signal/sigdlwu_ktps20__150511.jpg
Baby,Ziaja,41,https://www.notino.cz/ziaja/baby-zubni-gel-pro-deti-s-fluoridem/,https://cdn.notinoimg.com/list_2k//ziaja/5901887027775-o__160503.jpg
Beauty,Perl Weiss,119,https://www.notino.cz/perl-weiss/beauty-belici-zubni-pasta/,https://cdn.notinoimg.com/list_2k//perl_weiss/4008890009413_01__240111.jpg
Whitening,Opalescence,85,https://www.notino.cz/opalescence/original-formula-belici-zubni-pasta-s-fluoridem/,https://cdn.notinoimg.com/list_2k//opalescence/883205029492_01-o__160127.jpg
Whitening Sensitivity Relief,Opalescence,97,https://www.notino.cz/opalescence/sensitivity-relief-belici-pasta-pro-citlive-zuby/,https://cdn.notinoimg.com/list_2k//opalescence/883205029430_01-o__160513.jpg
Extreme Whitening,Swissdent,315,https://www.notino.cz/swissdent/extreme-zubni-pasta/,https://cdn.notinoimg.com/list_2k//swissdent/7640126190037_01-o__121205.jpg
Triple Action Original Mint,Colgate,29,https://www.notino.cz/colgate/triple-action-duopack-zubni-pasta/,https://cdn.notinoimg.com/list_2k//colgate/6920354835971_01-o__230810.jpg
Caries Protection Kids,Elmex,86,https://www.notino.cz/elmex/caries-protection-kids-zubni-pasta-pro-deti-73190/,https://cdn.notinoimg.com/list_2k//elmex/7610108056354_01-o__230215.jpg
Original White,G.U.M,96,https://www.notino.cz/gum/original-white-belici-zubni-pasta/,https://cdn.notinoimg.com/list_2k//gum/gumorwu_ktps10__131106.jpg
Natural,Jack N’ Jill,134,https://www.notino.cz/jack-n-jill/natural-zubni-pasta-pro-deti/,https://cdn.notinoimg.com/list_2k//jack-n-jill/9312657009017_01-o__230602.jpg
Mintperfekt Activ,Ziaja,49,https://www.notino.cz/ziaja/mintperfekt-activ-remineralizujici-zubni-pasta/,https://cdn.notinoimg.com/list_2k//ziaja/5901887039921-o__170327.jpg
Natural Siberian 7 Northern Herbs,Natura Siberica,90,https://www.notino.cz/natura-siberica/natura-siberica-natural-siberian-7-northern-herbs-zubni-pasta-proti-krvaceni-dasni/,https://cdn.notinoimg.com/list_2k//natura-siberica/4607174437531_01-o__190709.jpg
Kids 0-6,Biorepair,67,https://www.notino.cz/biorepair/junior-zubni-pasta-pro-deti/,https://cdn.notinoimg.com/list_2k//biorepair/8017331069202_01-o__210205.jpg
Professional Choice,White Glo,18,https://www.notino.cz/white-glo/professional-choice-belici-zubni-pasta-na-cesty/,https://cdn.notinoimg.com/list_2k//white-glo/9319871000189_01-o__210524.jpg
Tooth Mousse,GC,494,https://www.notino.cz/gc/tooth-mousse-tutti-frutti-remineralizacni-ochranny-krem-pro-citlive-zuby-bez-fluoridu/,https://cdn.notinoimg.com/list_2k//gc/2800011949248_01-o__160324.jpg
Natural Siberian Siberian Pearl,Natura Siberica,73,https://www.notino.cz/natura-siberica/natural-siberian-siberian-pearl-belici-zubni-pasta-pro-svezi-dech/,https://cdn.notinoimg.com/list_2k//natura-siberica/4607174437548_01-o__190611.jpg
Caries Protection,Elmex,104,https://www.notino.cz/elmex/caries-protection-zubni-pasta-chranici-pred-zubnim-kazem-s-fluoridem-73186/,https://cdn.notinoimg.com/list_2k//elmex/4007965560002_11-o__140311.jpg
Whitening Mint,Marvis,79,https://www.notino.cz/marvis/whitening-mint-zubni-pasta-s-belicim-ucinkem/,https://cdn.notinoimg.com/list_2k//marvis/8004395111718_01-o__171120.jpg
Junior 6-12 Years,Elmex,193,https://www.notino.cz/elmex/junior-6-12-years-zubni-pasta-pro-deti-73188/,https://cdn.notinoimg.com/list_2k//elmex/9003096004991_01-o__140313.jpg
Whitening,MEDIBLANC,110,https://www.notino.cz/mediblanc/whitening-zubni-pasta-s-belicim-ucinkem/,https://cdn.notinoimg.com/list_2k//mediblanc/3760275386502-o__221107.jpg
Sensitive Whitening,Elmex,102,https://www.notino.cz/elmex/sensitive-whitening-pasta-pro-prirozene-bile-zuby-73519/,https://cdn.notinoimg.com/list_2k//elmex/8714789899299_01-o__140528.jpg
Dental Care,Weleda,130,https://www.notino.cz/weleda/dental-care-detsky-zubni-gel/,https://cdn.notinoimg.com/list_2k//weleda/4001638081863_01-o__121109.jpg
Expert Black Whitening,Ecodenta,63,https://www.notino.cz/ecodenta/extra-cerna-belici-zubni-pasta/,https://cdn.notinoimg.com/list_2k//ecodenta/4770001336991_01-o__160825.jpg
Gum Protection,Meridol,245,https://www.notino.cz/meridol/meridol-zubni-pasta-proti-krvaceni-dasni/,https://cdn.notinoimg.com/list_2k//meridol/8718951459885_01-o__220524.jpg
Be You,Curaprox,97,https://www.notino.cz/curaprox/be-you-rising-star-regeneracni-zubni-pasta-s-belicim-ucinkem/,https://cdn.notinoimg.com/list_2k//curaprox/7612412429503_01-o__220225.jpg
Professional Medical Herbs,Splat,84,https://www.notino.cz/splat/professional-medical-herbs-bioaktivni-zubni-pasta-pro-ochranu-zubu-a-dasni/,https://cdn.notinoimg.com/list_2k//splat/7640168930097_01-o__220908.jpg
Whitening,MEDIBLANC,193,https://www.notino.cz/mediblanc/whitening-zubni-pasta-s-belicim-ucinkem/,https://cdn.notinoimg.com/list_2k//mediblanc/3760275386502-o__221107.jpg
Whitening,Opalescence,85,https://www.notino.cz/opalescence/original-formula-belici-zubni-pasta-s-fluoridem/,https://cdn.notinoimg.com/list_2k//opalescence/883205029492_01-o__160127.jpg
Healthy Gums,MEDIBLANC,325,https://www.notino.cz/mediblanc/healthy-gums-zubni-pasta-pro-ochranu-dasni/,https://cdn.notinoimg.com/list_2k//mediblanc/8059300530559-o__221027.jpg
Whitening Sensitivity Relief,Opalescence,97,https://www.notino.cz/opalescence/sensitivity-relief-belici-pasta-pro-citlive-zuby/,https://cdn.notinoimg.com/list_2k//opalescence/883205029430_01-o__160513.jpg
Extreme Whitening,Swissdent,315,https://www.notino.cz/swissdent/extreme-zubni-pasta/,https://cdn.notinoimg.com/list_2k//swissdent/7640126190037_01-o__121205.jpg
Gum & Enamel Repair Fresh White,Oral B,112,https://www.notino.cz/oral-b/gum-enamel-repair-extra-fresh-zubni-pasta-pro-svezi-dech/,https://cdn.notinoimg.com/list_2k//oral-b/8001090794413_01-o__240304.jpg
Whitening Herbal,MEDIBLANC,306,https://www.notino.cz/mediblanc/whitening-herbal-bylinna-zubni-pasta-s-belicim-ucinkem/,https://cdn.notinoimg.com/list_2k//mediblanc/8059300538166-o__221027.jpg
Triple Action Original Mint,Colgate,29,https://www.notino.cz/colgate/triple-action-duopack-zubni-pasta/,https://cdn.notinoimg.com/list_2k//colgate/6920354835971_01-o__230810.jpg
Caries Protection Kids,Elmex,86,https://www.notino.cz/elmex/caries-protection-kids-zubni-pasta-pro-deti-73190/,https://cdn.notinoimg.com/list_2k//elmex/7610108056354_01-o__230215.jpg
Original White,G.U.M,96,https://www.notino.cz/gum/original-white-belici-zubni-pasta/,https://cdn.notinoimg.com/list_2k//gum/gumorwu_ktps10__131106.jpg
Natural,Jack N’ Jill,134,https://www.notino.cz/jack-n-jill/natural-zubni-pasta-pro-deti/,https://cdn.notinoimg.com/list_2k//jack-n-jill/9312657009017_01-o__230602.jpg
Mintperfekt Activ,Ziaja,49,https://www.notino.cz/ziaja/mintperfekt-activ-remineralizujici-zubni-pasta/,https://cdn.notinoimg.com/list_2k//ziaja/5901887039921-o__170327.jpg
Teeth,NUK,165,https://www.notino.cz/nuk/teeth-sada-zubni-pecepro-deti/,https://cdn.notinoimg.com/list_2k//nuk/4008600215769_01__210818.jpg
Natural Siberian 7 Northern Herbs,Natura Siberica,90,https://www.notino.cz/natura-siberica/natura-siberica-natural-siberian-7-northern-herbs-zubni-pasta-proti-krvaceni-dasni/,https://cdn.notinoimg.com/list_2k//natura-siberica/4607174437531_01-o__190709.jpg
Professional Choice,White Glo,18,https://www.notino.cz/white-glo/professional-choice-belici-zubni-pasta-na-cesty/,https://cdn.notinoimg.com/list_2k//white-glo/9319871000189_01-o__210524.jpg
Kids 0-6,Biorepair,67,https://www.notino.cz/biorepair/junior-zubni-pasta-pro-deti/,https://cdn.notinoimg.com/list_2k//biorepair/8017331069202_01-o__210205.jpg
Natural Siberian Siberian Pearl,Natura Siberica,73,https://www.notino.cz/natura-siberica/natural-siberian-siberian-pearl-belici-zubni-pasta-pro-svezi-dech/,https://cdn.notinoimg.com/list_2k//natura-siberica/4607174437548_01-o__190611.jpg
Tooth Mousse,GC,494,https://www.notino.cz/gc/tooth-mousse-tutti-frutti-remineralizacni-ochranny-krem-pro-citlive-zuby-bez-fluoridu/,https://cdn.notinoimg.com/list_2k//gc/2800011949248_01-o__160324.jpg
Whitening Mint,Marvis,104,https://www.notino.cz/marvis/whitening-mint-zubni-pasta-s-belicim-ucinkem/,https://cdn.notinoimg.com/list_2k//marvis/8004395111718_01-o__171120.jpg
Caries Protection,Elmex,110,https://www.notino.cz/elmex/caries-protection-zubni-pasta-chranici-pred-zubnim-kazem-s-fluoridem-73186/,https://cdn.notinoimg.com/list_2k//elmex/4007965560002_11-o__140311.jpg
Sensitive Whitening,Elmex,79,https://www.notino.cz/elmex/sensitive-whitening-pasta-pro-prirozene-bile-zuby-73519/,https://cdn.notinoimg.com/list_2k//elmex/8714789899299_01-o__140528.jpg
Junior 6-12 Years,Elmex,130,https://www.notino.cz/elmex/junior-6-12-years-zubni-pasta-pro-deti-73188/,https://cdn.notinoimg.com/list_2k//elmex/9003096004991_01-o__140313.jpg
Expert Black Whitening,Ecodenta,63,https://www.notino.cz/ecodenta/extra-cerna-belici-zubni-pasta/,https://cdn.notinoimg.com/list_2k//ecodenta/4770001336991_01-o__160825.jpg
Total Whitening XL,Colgate,113,https://www.notino.cz/colgate/total-whitening-xl-belici-zubni-pasta/,https://cdn.notinoimg.com/list_2k//colgate/8714789710358_01-o__240404.jpg
Always Smiling Blue,Chicco,318,https://www.notino.cz/chicco/always-smiling-blue-sada-zubni-pece-12-mpro-deti/,https://cdn.notinoimg.com/list_2k//chicco/8058664047383_01__231124.jpg
Always Smiling Green,Chicco,349,https://www.notino.cz/chicco/always-smiling-green-sada-zubni-pece-strawberrypro-deti/,https://cdn.notinoimg.com/list_2k//chicco/8058664022649_01__231124.jpg
NanoCare Kids,White Pearl,115,https://www.notino.cz/white-pearl/white-pearl-nanocare-kids-zubni-pasta-pro-deti/,https://cdn.notinoimg.com/list_2k//white-pearl/8594069332964_01-o__190710.jpg
Herbal+ Toothpaste,WOOM,136,https://www.notino.cz/woom/herbal-toothbrush-bylinna-zubni-pasta/,https://cdn.notinoimg.com/list_2k//woom/4751033920228_01-o__220629.jpg
Spiderman Travel Kit,Marvel,102,https://www.notino.cz/marvel/spiderman-travel-kit-sada-zubni-pece-pro-deti/,https://cdn.notinoimg.com/list_2k//marvel/8032979436902_01__220725.jpg
Fluor,Eva,110,https://www.notino.cz/eva/fluor-belici-zubni-pudr-3-v-1/,https://cdn.notinoimg.com/list_2k//eva/6223001385363_01-o__211115.jpg
Anti Caries Anti Carries,Sensodyne,100,https://www.notino.cz/sensodyne/anti-caries-zubni-pasta-proti-zubnimu-kazu/,https://cdn.notinoimg.com/list_2k//sensodyne/5054563096029_01-o__221027.jpg
PAP Carbon Whitening,White Pearl,199,https://www.notino.cz/white-pearl/pap-carbon-whitening-belici-zubni-pasta/,https://cdn.notinoimg.com/list_2k//white-pearl/8594069333275_01-o__230725.jpg
Max Fresh Cooling Crystals,Colgate,82,https://www.notino.cz/colgate/max-fresh-cooling-crystals-zubni-pasta/,https://cdn.notinoimg.com/list_2k//colgate/8718951313675_01-o__240312.jpg
Desensitizing Enamel-Repair Shock Treatment,Biorepair,191,https://www.notino.cz/biorepair/treatment-of-sensitive-teeth-kosmeticka-sada-i/,https://cdn.notinoimg.com/list_2k//biorepair/brpderw_kset10__150318.jpg
Little Siberica BIO,Natura Siberica,98,https://www.notino.cz/natura-siberica/little-siberica-bio-prirodni-zubni-pasta-pro-deti/,https://cdn.notinoimg.com/list_2k//natura-siberica/4743318147840_01-o__210401.jpg
White Now Gold,Signal,96,https://www.notino.cz/signal/white-now-gold-zubni-pasta/,https://cdn.notinoimg.com/list_2k//signal/8720181327155_01-o__230411.jpg
Applemint,Brush Baby,96,https://www.notino.cz/brush-baby/applemint-zubni-pasta-pro-deti/,https://cdn.notinoimg.com/list_2k//brush_baby/5060178100587_01-o__230613.jpg
Max White Expert Original,Colgate,190,https://www.notino.cz/colgate/max-white-expert-white-belici-zubni-pasta/,https://cdn.notinoimg.com/list_2k//colgate/7509546064857_01-o__221125.jpg
Kids,Signal,66,https://www.notino.cz/signal/kids-zubni-pasta-pro-deti/,https://cdn.notinoimg.com/list_2k//signal/8712561103077_01-o__221115.jpg
Travel Set,Chicco,295,https://www.notino.cz/chicco/travel-set-sada-zubni-pece/,https://cdn.notinoimg.com/list_2k//chicco/8058664121229_01__231124.jpg
Pure,TePe,138,https://www.notino.cz/tepe/pure-zubni-pasta-mata/,https://cdn.notinoimg.com/list_2k//tepe/7350121253933_01-o__240419.jpg
Set Splat Duo,Splat,302,https://www.notino.cz/splat/set-duo-sadana-zuby/,https://cdn.notinoimg.com/list_2k//splat/7640168937140_01__220927.jpg
Flavour Collection,Marvis,710,https://www.notino.cz/marvis/marvis-flavour-collection-kosmeticka-sada-iii/,https://cdn.notinoimg.com/list_2k//marvis/8004395111008_01-o__190904.jpg
For Kids,Sylveco,125,https://www.notino.cz/sylveco/for-kids-detska-zubni-pasta/,https://cdn.notinoimg.com/list_2k//sylveco/5902249016208_01-o__211103.jpg
Natural Toothpaste Sensitive,BEN&ANNA,135,https://www.notino.cz/benanna/natural-toothpaste-sensitive-zubni-pasta-pro-citlive-zuby/,https://cdn.notinoimg.com/list_2k//benanna/4260491220523_01-o__221101.jpg
Natural Extracts Charcoal + White,Colgate,89,https://www.notino.cz/colgate/natural-extracts-charcoal-white-belici-zubni-pasta-s-aktivnim-uhlim/,https://cdn.notinoimg.com/list_2k//colgate/6920354822421_01-o__220801.jpg
Extreme Travel Set,Swissdent,190,https://www.notino.cz/swissdent/extreme-travel-set-sada-zubni-pece/,https://cdn.notinoimg.com/list_2k//swissdent/7640126190334_01-o__220830.jpg
Max Clean Mineral Scrub,Colgate,52,https://www.notino.cz/colgate/max-clean-mineral-scrub-gelova-zubni-pasta-pro-svezi-dech/,https://cdn.notinoimg.com/list_2k//colgate/8718951327085_01-o__200602.jpg
Oral Care,Chicco,99,https://www.notino.cz/chicco/oral-care-masazni-gel-na-dasne-pro-deti-4-m/,https://cdn.notinoimg.com/list_2k//chicco/8003670913771_01__210623.jpg
Junior Cola,WOOM,109,https://www.notino.cz/woom/junior-cola-detska-zubni-pasta/,https://cdn.notinoimg.com/list_2k//woom/4751033920150_01-o__220629.jpg
Complete Protection Whitening,Parodontax,130,https://www.notino.cz/parodontax/complete-protection-whitening-belici-zubni-pasta-s-fluoridem/,https://cdn.notinoimg.com/list_2k//parodontax/5054563039095_01-o__180504.jpg
Certified Organic Charcoal whitening,Ecodenta,92,https://www.notino.cz/ecodenta/certified-organic-anti-plaque-belici-zubni-pasta-s-aktivnim-uhlim/,https://cdn.notinoimg.com/list_2k//ecodenta/4770001004333_01-o__210809.jpg
Oxygen for Health Calciumfluoride,Blue M,319,https://www.notino.cz/bluem/toothpaste-calciumfluoride-zubni-pasta-s-fluoridem/,https://cdn.notinoimg.com/list_2k//bluem/696859328367_01-o__210614.jpg
Toothpaste Cinnamon Orange,BEN&ANNA,94,https://www.notino.cz/benanna/toothpaste-cinnamon-orange-prirodni-zubni-pasta/,https://cdn.notinoimg.com/list_2k//benanna/4260491223067_01-o__230331.jpg
White Now Sensitive,Signal,76,https://www.notino.cz/signal/white-now-sensitive-belici-zubni-pasta-pro-citlive-zuby/,https://cdn.notinoimg.com/list_2k//signal/8720181196157_01-o__220128.jpg
3D White Luxe Perfection Intense,Blend-a-med,92,https://www.notino.cz/blend-a-med/3d-white-luxe-perfection-intense-zubni-pasta/,https://cdn.notinoimg.com/list_2k//blend-a-med/8001841142814_01-o__220816.jpg
Toothpaste,L.O.L. Surprise,65,https://www.notino.cz/ep-line/lol-zubni-pasta-pro-deti-s-jahodovou-prichuti/,https://cdn.notinoimg.com/list_2k//ep-line/8412428014040_01-o__210413.jpg
Paw Patrol Travel Kit,Nickelodeon,84,https://www.notino.cz/nickelodeon/paw-patrol-travel-kit-sada-zubni-pece-pro-deti/,https://cdn.notinoimg.com/list_2k//nickelodeon/8032979439019_01-o__221206.jpg
PAP Coconut Whitening,White Pearl,199,https://www.notino.cz/white-pearl/pap-coconut-whitening-belici-zubni-pasta/,https://cdn.notinoimg.com/list_2k//white-pearl/8594069333299_01-o__230725.jpg
Sensitive,Lacalut,94,https://www.notino.cz/lacalut/sensitive-pasta-pro-citlive-zuby/,https://cdn.notinoimg.com/list_2k//lacalut/lclsenw_ktps05-01__131023.jpg
Dental Care,Weleda,131,https://www.notino.cz/weleda/dental-care-zubni-pasta-mesicek/,https://cdn.notinoimg.com/list_2k//weleda/4001638098014_01-o__211012.jpg
Sensitive & Repair,Lavera,144,https://www.notino.cz/lavera/sensitive-repair-zubni-pasta-pro-citlive-zuby/,https://cdn.notinoimg.com/list_2k//lavera/4021457629206_01-o__240503.jpg
Total+ Toothpaste,WOOM,142,https://www.notino.cz/woom/total-toothpaste-posilujici-zubni-pasta/,https://cdn.notinoimg.com/list_2k//woom/8420075180308_01-o__220629.jpg
White & Repair,Lacalut,121,https://www.notino.cz/lacalut/white-repair-zubni-pasta-pro-obnoveni-zubni-skloviny/,https://cdn.notinoimg.com/list_2k//lacalut/4016369546154_01-o__220920.jpg
Toothpaste Hyvä Meinink,HAAN,179,https://www.notino.cz/haan/toothpaste-hyva-meinink-belici-zubni-pasta-s-fluoridem-s-matou-peprnou/,https://cdn.notinoimg.com/list_2k//haan/5060669781042_01-o__230515.jpg
Dentifricio,Naturaverde,63,https://www.notino.cz/naturaverde/dentifricio-osvezujici-zubni-pasta/,https://cdn.notinoimg.com/list_2k//naturaverde/8029241122533_01-o__240130.jpg
Professional Sensitive,Splat,113,https://www.notino.cz/splat/special-organic-zubni-pasta-pro-citlive-zuby/,https://cdn.notinoimg.com/list_2k//splat/7640168930257_01-o__231128.jpg
Toothpaste 1-5 years,Chicco,99,https://www.notino.cz/chicco/toothpaste-1-5-years-zubni-pasta-pro-deti/,https://cdn.notinoimg.com/list_2k//chicco/8003670743651_01-o__231113.jpg
Perfect White Black,Beverly Hills Formula,312,https://www.notino.cz/beverly-hills-formula/perfect-white-black-belici-zubni-pasta-s-aktivnim-uhlim-pro-svezi-dech/,https://cdn.notinoimg.com/list_2k//beverly-hills-formula/5020105002681_01-o__210917.jpg
Black is White,Curaprox,580,https://www.notino.cz/curaprox/black-is-white-kosmeticka-sada-i/,https://cdn.notinoimg.com/list_2k//curaprox/7612412423686_01-o__151208.jpg
Biomed Biocomplex Trio,Splat,329,https://www.notino.cz/splat/set-trio-sadana-zuby/,https://cdn.notinoimg.com/list_2k//splat/7640168937133_01__220927.jpg
Whitening,MEDIBLANC,193,https://www.notino.cz/mediblanc/whitening-zubni-pasta-s-belicim-ucinkem/,https://cdn.notinoimg.com/list_2k//mediblanc/3760275386502-o__221107.jpg
Whitening,Opalescence,85,https://www.notino.cz/opalescence/original-formula-belici-zubni-pasta-s-fluoridem/,https://cdn.notinoimg.com/list_2k//opalescence/883205029492_01-o__160127.jpg
Healthy Gums,MEDIBLANC,325,https://www.notino.cz/mediblanc/healthy-gums-zubni-pasta-pro-ochranu-dasni/,https://cdn.notinoimg.com/list_2k//mediblanc/8059300530559-o__221027.jpg
Whitening Sensitivity Relief,Opalescence,97,https://www.notino.cz/opalescence/sensitivity-relief-belici-pasta-pro-citlive-zuby/,https://cdn.notinoimg.com/list_2k//opalescence/883205029430_01-o__160513.jpg
Extreme Whitening,Swissdent,315,https://www.notino.cz/swissdent/extreme-zubni-pasta/,https://cdn.notinoimg.com/list_2k//swissdent/7640126190037_01-o__121205.jpg
Gum & Enamel Repair Fresh White,Oral B,112,https://www.notino.cz/oral-b/gum-enamel-repair-extra-fresh-zubni-pasta-pro-svezi-dech/,https://cdn.notinoimg.com/list_2k//oral-b/8001090794413_01-o__240304.jpg
Whitening Herbal,MEDIBLANC,306,https://www.notino.cz/mediblanc/whitening-herbal-bylinna-zubni-pasta-s-belicim-ucinkem/,https://cdn.notinoimg.com/list_2k//mediblanc/8059300538166-o__221027.jpg
Triple Action Original Mint,Colgate,29,https://www.notino.cz/colgate/triple-action-duopack-zubni-pasta/,https://cdn.notinoimg.com/list_2k//colgate/6920354835971_01-o__230810.jpg
Caries Protection Kids,Elmex,86,https://www.notino.cz/elmex/caries-protection-kids-zubni-pasta-pro-deti-73190/,https://cdn.notinoimg.com/list_2k//elmex/7610108056354_01-o__230215.jpg
Original White,G.U.M,96,https://www.notino.cz/gum/original-white-belici-zubni-pasta/,https://cdn.notinoimg.com/list_2k//gum/gumorwu_ktps10__131106.jpg
Natural,Jack N’ Jill,134,https://www.notino.cz/jack-n-jill/natural-zubni-pasta-pro-deti/,https://cdn.notinoimg.com/list_2k//jack-n-jill/9312657009017_01-o__230602.jpg
Mintperfekt Activ,Ziaja,49,https://www.notino.cz/ziaja/mintperfekt-activ-remineralizujici-zubni-pasta/,https://cdn.notinoimg.com/list_2k//ziaja/5901887039921-o__170327.jpg
Teeth,NUK,165,https://www.notino.cz/nuk/teeth-sada-zubni-pecepro-deti/,https://cdn.notinoimg.com/list_2k//nuk/4008600215769_01__210818.jpg
Natural Siberian 7 Northern Herbs,Natura Siberica,90,https://www.notino.cz/natura-siberica/natura-siberica-natural-siberian-7-northern-herbs-zubni-pasta-proti-krvaceni-dasni/,https://cdn.notinoimg.com/list_2k//natura-siberica/4607174437531_01-o__190709.jpg
Professional Choice,White Glo,18,https://www.notino.cz/white-glo/professional-choice-belici-zubni-pasta-na-cesty/,https://cdn.notinoimg.com/list_2k//white-glo/9319871000189_01-o__210524.jpg
Kids 0-6,Biorepair,67,https://www.notino.cz/biorepair/junior-zubni-pasta-pro-deti/,https://cdn.notinoimg.com/list_2k//biorepair/8017331069202_01-o__210205.jpg
Natural Siberian Siberian Pearl,Natura Siberica,73,https://www.notino.cz/natura-siberica/natural-siberian-siberian-pearl-belici-zubni-pasta-pro-svezi-dech/,https://cdn.notinoimg.com/list_2k//natura-siberica/4607174437548_01-o__190611.jpg
Tooth Mousse,GC,494,https://www.notino.cz/gc/tooth-mousse-tutti-frutti-remineralizacni-ochranny-krem-pro-citlive-zuby-bez-fluoridu/,https://cdn.notinoimg.com/list_2k//gc/2800011949248_01-o__160324.jpg
Whitening Mint,Marvis,104,https://www.notino.cz/marvis/whitening-mint-zubni-pasta-s-belicim-ucinkem/,https://cdn.notinoimg.com/list_2k//marvis/8004395111718_01-o__171120.jpg
Caries Protection,Elmex,110,https://www.notino.cz/elmex/caries-protection-zubni-pasta-chranici-pred-zubnim-kazem-s-fluoridem-73186/,https://cdn.notinoimg.com/list_2k//elmex/4007965560002_11-o__140311.jpg
Sensitive Whitening,Elmex,79,https://www.notino.cz/elmex/sensitive-whitening-pasta-pro-prirozene-bile-zuby-73519/,https://cdn.notinoimg.com/list_2k//elmex/8714789899299_01-o__140528.jpg
Junior 6-12 Years,Elmex,130,https://www.notino.cz/elmex/junior-6-12-years-zubni-pasta-pro-deti-73188/,https://cdn.notinoimg.com/list_2k//elmex/9003096004991_01-o__140313.jpg
Expert Black Whitening,Ecodenta,63,https://www.notino.cz/ecodenta/extra-cerna-belici-zubni-pasta/,https://cdn.notinoimg.com/list_2k//ecodenta/4770001336991_01-o__160825.jpg
Whitening,MEDIBLANC,193,https://www.notino.cz/mediblanc/whitening-zubni-pasta-s-belicim-ucinkem/,https://cdn.notinoimg.com/list_2k//mediblanc/3760275386502-o__221107.jpg
Whitening,Opalescence,85,https://www.notino.cz/opalescence/original-formula-belici-zubni-pasta-s-fluoridem/,https://cdn.notinoimg.com/list_2k//opalescence/883205029492_01-o__160127.jpg
Healthy Gums,MEDIBLANC,325,https://www.notino.cz/mediblanc/healthy-gums-zubni-pasta-pro-ochranu-dasni/,https://cdn.notinoimg.com/list_2k//mediblanc/8059300530559-o__221027.jpg
Whitening Sensitivity Relief,Opalescence,97,https://www.notino.cz/opalescence/sensitivity-relief-belici-pasta-pro-citlive-zuby/,https://cdn.notinoimg.com/list_2k//opalescence/883205029430_01-o__160513.jpg
Extreme Whitening,Swissdent,315,https://www.notino.cz/swissdent/extreme-zubni-pasta/,https://cdn.notinoimg.com/list_2k//swissdent/7640126190037_01-o__121205.jpg
Gum & Enamel Repair Fresh White,Oral B,112,https://www.notino.cz/oral-b/gum-enamel-repair-extra-fresh-zubni-pasta-pro-svezi-dech/,https://cdn.notinoimg.com/list_2k//oral-b/8001090794413_01-o__240304.jpg
Whitening Herbal,MEDIBLANC,306,https://www.notino.cz/mediblanc/whitening-herbal-bylinna-zubni-pasta-s-belicim-ucinkem/,https://cdn.notinoimg.com/list_2k//mediblanc/8059300538166-o__221027.jpg
Triple Action Original Mint,Colgate,29,https://www.notino.cz/colgate/triple-action-duopack-zubni-pasta/,https://cdn.notinoimg.com/list_2k//colgate/6920354835971_01-o__230810.jpg
Caries Protection Kids,Elmex,86,https://www.notino.cz/elmex/caries-protection-kids-zubni-pasta-pro-deti-73190/,https://cdn.notinoimg.com/list_2k//elmex/7610108056354_01-o__230215.jpg
Original White,G.U.M,96,https://www.notino.cz/gum/original-white-belici-zubni-pasta/,https://cdn.notinoimg.com/list_2k//gum/gumorwu_ktps10__131106.jpg
Natural,Jack N’ Jill,134,https://www.notino.cz/jack-n-jill/natural-zubni-pasta-pro-deti/,https://cdn.notinoimg.com/list_2k//jack-n-jill/9312657009017_01-o__230602.jpg
Mintperfekt Activ,Ziaja,49,https://www.notino.cz/ziaja/mintperfekt-activ-remineralizujici-zubni-pasta/,https://cdn.notinoimg.com/list_2k//ziaja/5901887039921-o__170327.jpg
Teeth,NUK,165,https://www.notino.cz/nuk/teeth-sada-zubni-pecepro-deti/,https://cdn.notinoimg.com/list_2k//nuk/4008600215769_01__210818.jpg
Natural Siberian 7 Northern Herbs,Natura Siberica,90,https://www.notino.cz/natura-siberica/natura-siberica-natural-siberian-7-northern-herbs-zubni-pasta-proti-krvaceni-dasni/,https://cdn.notinoimg.com/list_2k//natura-siberica/4607174437531_01-o__190709.jpg
Professional Choice,White Glo,18,https://www.notino.cz/white-glo/professional-choice-belici-zubni-pasta-na-cesty/,https://cdn.notinoimg.com/list_2k//white-glo/9319871000189_01-o__210524.jpg
Kids 0-6,Biorepair,67,https://www.notino.cz/biorepair/junior-zubni-pasta-pro-deti/,https://cdn.notinoimg.com/list_2k//biorepair/8017331069202_01-o__210205.jpg
Natural Siberian Siberian Pearl,Natura Siberica,73,https://www.notino.cz/natura-siberica/natural-siberian-siberian-pearl-belici-zubni-pasta-pro-svezi-dech/,https://cdn.notinoimg.com/list_2k//natura-siberica/4607174437548_01-o__190611.jpg
Tooth Mousse,GC,494,https://www.notino.cz/gc/tooth-mousse-tutti-frutti-remineralizacni-ochranny-krem-pro-citlive-zuby-bez-fluoridu/,https://cdn.notinoimg.com/list_2k//gc/2800011949248_01-o__160324.jpg
Whitening Mint,Marvis,104,https://www.notino.cz/marvis/whitening-mint-zubni-pasta-s-belicim-ucinkem/,https://cdn.notinoimg.com/list_2k//marvis/8004395111718_01-o__171120.jpg
Caries Protection,Elmex,110,https://www.notino.cz/elmex/caries-protection-zubni-pasta-chranici-pred-zubnim-kazem-s-fluoridem-73186/,https://cdn.notinoimg.com/list_2k//elmex/4007965560002_11-o__140311.jpg
Sensitive Whitening,Elmex,79,https://www.notino.cz/elmex/sensitive-whitening-pasta-pro-prirozene-bile-zuby-73519/,https://cdn.notinoimg.com/list_2k//elmex/8714789899299_01-o__140528.jpg
Junior 6-12 Years,Elmex,130,https://www.notino.cz/elmex/junior-6-12-years-zubni-pasta-pro-deti-73188/,https://cdn.notinoimg.com/list_2k//elmex/9003096004991_01-o__140313.jpg
Expert Black Whitening,Ecodenta,63,https://www.notino.cz/ecodenta/extra-cerna-belici-zubni-pasta/,https://cdn.notinoimg.com/list_2k//ecodenta/4770001336991_01-o__160825.jpg
Whitening,Opalescence,85,https://www.notino.cz/opalescence/original-formula-belici-zubni-pasta-s-fluoridem/,https://cdn.notinoimg.com/list_2k//opalescence/883205029492_01-o__160127.jpg
Whitening Sensitivity Relief,Opalescence,97,https://www.notino.cz/opalescence/sensitivity-relief-belici-pasta-pro-citlive-zuby/,https://cdn.notinoimg.com/list_2k//opalescence/883205029430_01-o__160513.jpg
Extreme Whitening,Swissdent,315,https://www.notino.cz/swissdent/extreme-zubni-pasta/,https://cdn.notinoimg.com/list_2k//swissdent/7640126190037_01-o__121205.jpg
Triple Action Original Mint,Colgate,29,https://www.notino.cz/colgate/triple-action-duopack-zubni-pasta/,https://cdn.notinoimg.com/list_2k//colgate/6920354835971_01-o__230810.jpg
Caries Protection Kids,Elmex,86,https://www.notino.cz/elmex/caries-protection-kids-zubni-pasta-pro-deti-73190/,https://cdn.notinoimg.com/list_2k//elmex/7610108056354_01-o__230215.jpg
Original White,G.U.M,96,https://www.notino.cz/gum/original-white-belici-zubni-pasta/,https://cdn.notinoimg.com/list_2k//gum/gumorwu_ktps10__131106.jpg
Natural,Jack N’ Jill,134,https://www.notino.cz/jack-n-jill/natural-zubni-pasta-pro-deti/,https://cdn.notinoimg.com/list_2k//jack-n-jill/9312657009017_01-o__230602.jpg
Mintperfekt Activ,Ziaja,49,https://www.notino.cz/ziaja/mintperfekt-activ-remineralizujici-zubni-pasta/,https://cdn.notinoimg.com/list_2k//ziaja/5901887039921-o__170327.jpg
Natural Siberian 7 Northern Herbs,Natura Siberica,90,https://www.notino.cz/natura-siberica/natura-siberica-natural-siberian-7-northern-herbs-zubni-pasta-proti-krvaceni-dasni/,https://cdn.notinoimg.com/list_2k//natura-siberica/4607174437531_01-o__190709.jpg
Kids 0-6,Biorepair,67,https://www.notino.cz/biorepair/junior-zubni-pasta-pro-deti/,https://cdn.notinoimg.com/list_2k//biorepair/8017331069202_01-o__210205.jpg
Professional Choice,White Glo,18,https://www.notino.cz/white-glo/professional-choice-belici-zubni-pasta-na-cesty/,https://cdn.notinoimg.com/list_2k//white-glo/9319871000189_01-o__210524.jpg
Tooth Mousse,GC,494,https://www.notino.cz/gc/tooth-mousse-tutti-frutti-remineralizacni-ochranny-krem-pro-citlive-zuby-bez-fluoridu/,https://cdn.notinoimg.com/list_2k//gc/2800011949248_01-o__160324.jpg
Natural Siberian Siberian Pearl,Natura Siberica,73,https://www.notino.cz/natura-siberica/natural-siberian-siberian-pearl-belici-zubni-pasta-pro-svezi-dech/,https://cdn.notinoimg.com/list_2k//natura-siberica/4607174437548_01-o__190611.jpg
Caries Protection,Elmex,104,https://www.notino.cz/elmex/caries-protection-zubni-pasta-chranici-pred-zubnim-kazem-s-fluoridem-73186/,https://cdn.notinoimg.com/list_2k//elmex/4007965560002_11-o__140311.jpg
Whitening Mint,Marvis,79,https://www.notino.cz/marvis/whitening-mint-zubni-pasta-s-belicim-ucinkem/,https://cdn.notinoimg.com/list_2k//marvis/8004395111718_01-o__171120.jpg
Junior 6-12 Years,Elmex,193,https://www.notino.cz/elmex/junior-6-12-years-zubni-pasta-pro-deti-73188/,https://cdn.notinoimg.com/list_2k//elmex/9003096004991_01-o__140313.jpg
Whitening,MEDIBLANC,110,https://www.notino.cz/mediblanc/whitening-zubni-pasta-s-belicim-ucinkem/,https://cdn.notinoimg.com/list_2k//mediblanc/3760275386502-o__221107.jpg
Sensitive Whitening,Elmex,102,https://www.notino.cz/elmex/sensitive-whitening-pasta-pro-prirozene-bile-zuby-73519/,https://cdn.notinoimg.com/list_2k//elmex/8714789899299_01-o__140528.jpg
Dental Care,Weleda,130,https://www.notino.cz/weleda/dental-care-detsky-zubni-gel/,https://cdn.notinoimg.com/list_2k//weleda/4001638081863_01-o__121109.jpg
Expert Black Whitening,Ecodenta,63,https://www.notino.cz/ecodenta/extra-cerna-belici-zubni-pasta/,https://cdn.notinoimg.com/list_2k//ecodenta/4770001336991_01-o__160825.jpg
Gum Protection,Meridol,245,https://www.notino.cz/meridol/meridol-zubni-pasta-proti-krvaceni-dasni/,https://cdn.notinoimg.com/list_2k//meridol/8718951459885_01-o__220524.jpg
Be You,Curaprox,97,https://www.notino.cz/curaprox/be-you-rising-star-regeneracni-zubni-pasta-s-belicim-ucinkem/,https://cdn.notinoimg.com/list_2k//curaprox/7612412429503_01-o__220225.jpg
Professional Medical Herbs,Splat,84,https://www.notino.cz/splat/professional-medical-herbs-bioaktivni-zubni-pasta-pro-ochranu-zubu-a-dasni/,https://cdn.notinoimg.com/list_2k//splat/7640168930097_01-o__220908.jpg
Dental Care White Time Set,MEDIBLANC,565,https://www.notino.cz/mediblanc/dental-care-white-time-set-sada-zubni-pecepro-zarive-bile-zuby/,https://cdn.notinoimg.com/list_2k//mediblanc/3760275382894_01__221220.jpg
Whitening & Tartar Control,White Glo,156,https://www.notino.cz/white-glo/whitening-tartar-control-belici-pasta-s-kartackem/,https://cdn.notinoimg.com/list_2k//white-glo/9319871001452_01-o__211129.jpg
Daily,TePe,95,https://www.notino.cz/tepe/daily-zubni-pasta/,https://cdn.notinoimg.com/list_2k//tepe/7350121253391_01-o__240419.jpg
Gift Sets Great Coral,HAAN,970,https://www.notino.cz/haan/gift-sets-great-coral-darkova-sada/,https://cdn.notinoimg.com/list_2k//haan/5060669781004_01-o__221122.jpg
Max White Bye Bye Stains,Colgate,101,https://www.notino.cz/colgate/max-white-bye-bye-stains-zubni-pasta/,https://cdn.notinoimg.com/list_2k//colgate/8718951610521_01-o__240404.jpg
Teeth Whitening Maximum LED,Hello Coco,2 960,https://www.notino.cz/hello-coco/teeth-whitening-maximum-led-belici-sada-na-zuby/,https://cdn.notinoimg.com/list_2k//hello-coco/8588007594231_01-o__221123.jpg
Pharma B5,Yotuel,345,https://www.notino.cz/yotuel/pharma-b5-belici-zubni-pasta/,https://cdn.notinoimg.com/list_2k//yotuel/yotpb5w_ktps10__150428.jpg
Cool Spearmint,Signal,26,https://www.notino.cz/signal/cool-spearmint-matova-zubni-pasta/,https://cdn.notinoimg.com/list_2k//signal/8720181111303_01-o__221114.jpg
Charcoal,Truthpaste,219,https://www.notino.cz/truthpaste/charcoal-prirodni-zubni-pasta/,https://cdn.notinoimg.com/list_2k//truthpaste/5060655080128_01-o__231127.jpg
Coconut Oil Shine,White Glo,147,https://www.notino.cz/white-glo/coconut-oil-shine-belici-pasta-s-kartackem/,https://cdn.notinoimg.com/list_2k//white-glo/9319871001131_01-o__211129.jpg
For Kids,Sylveco,125,https://www.notino.cz/sylveco/for-kids-detska-zubni-pasta-bez-fluoridu/,https://cdn.notinoimg.com/list_2k//sylveco/5902249016192_01-o__211103.jpg
Extra Sensitive,Lacalut,142,https://www.notino.cz/lacalut/sensitive-zubni-pasta-pro-citlive-zuby/,https://cdn.notinoimg.com/list_2k//lacalut/4016369546147_01-o__210522.jpg
Toothpaste 6-24 months,Chicco,104,https://www.notino.cz/chicco/toothpaste-6-24-months-zubni-pasta-pro-deti/,https://cdn.notinoimg.com/list_2k//chicco/8003670743637_01-o__220624.jpg
Herbal Fresh Trio,Sensodyne,290,https://www.notino.cz/sensodyne/herbal-fresh-trio-zubni-pasta-s-fluoridem-3-ks/,https://cdn.notinoimg.com/list_2k//sensodyne/2000028905279_01-o__221004.jpg
Remineralising,Whitewash,257,https://www.notino.cz/whitewash/remineralising-belici-pasta-pro-citlive-zuby/,https://cdn.notinoimg.com/list_2k//whitewash/5060249420019_01-o__151013.jpg
ADS Soothing,Curasept,174,https://www.notino.cz/curasept/ads-soothing-zklidnujici-zubni-pasta-s-gelovou-texturou/,https://cdn.notinoimg.com/list_2k//curasept/8056746070236_01-o__220203.jpg
Bělící zubní pasta Bělicí zubní pasta,Venira,339,https://www.notino.cz/venira/belici-zubni-pasta-belici-zubni-pasta-pasta-na-zuby/,https://cdn.notinoimg.com/list_2k//venira/8594198177108_01-o__240509.jpg
Instant White,White Glo,143,https://www.notino.cz/white-glo/instant-white-sada-zubni-pece/,https://cdn.notinoimg.com/list_2k//white-glo/93198714001407_01-o__220818.jpg
Whitening,Elgydium,113,https://www.notino.cz/elgydium/whitening-zubni-pasta-s-belicim-ucinkem/,https://cdn.notinoimg.com/list_2k//elgydium/elgwhtw_ktps10__150504.jpg
Dentifricio,Naturaverde,96,https://www.notino.cz/naturaverde/dentifricio-belici-zubni-pasta/,https://cdn.notinoimg.com/list_2k//naturaverde/8029241123820_01-o__240125.jpg
Kids,Elgydium,90,https://www.notino.cz/elgydium/kids-detska-zubni-pasta-od-36-mesice/,https://cdn.notinoimg.com/list_2k//elgydium/3577056022227_01-o__220816.jpg
Rocket,Brush Baby,117,https://www.notino.cz/brush-baby/rocket-detska-zubni-pasta-boruvka/,https://cdn.notinoimg.com/list_2k//brush_baby/5060178102437_01-o__230613.jpg
Bava Di Lumaca,Naturaverde,63,https://www.notino.cz/naturaverde/bava-di-lumaca-zubni-pasta-pro-citlive-zuby/,https://cdn.notinoimg.com/list_2k//naturaverde/8029241123813_01-o__240130.jpg
Cavity Protection,Signal,41,https://www.notino.cz/signal/cavity-protection-zubni-pasta/,https://cdn.notinoimg.com/list_2k//signal/sigcvpu_ktps05__150511.jpg
Whitening,MEDIBLANC,193,https://www.notino.cz/mediblanc/whitening-zubni-pasta-s-belicim-ucinkem/,https://cdn.notinoimg.com/list_2k//mediblanc/3760275386502-o__221107.jpg
Whitening,Opalescence,85,https://www.notino.cz/opalescence/original-formula-belici-zubni-pasta-s-fluoridem/,https://cdn.notinoimg.com/list_2k//opalescence/883205029492_01-o__160127.jpg
Healthy Gums,MEDIBLANC,325,https://www.notino.cz/mediblanc/healthy-gums-zubni-pasta-pro-ochranu-dasni/,https://cdn.notinoimg.com/list_2k//mediblanc/8059300530559-o__221027.jpg
Whitening Sensitivity Relief,Opalescence,97,https://www.notino.cz/opalescence/sensitivity-relief-belici-pasta-pro-citlive-zuby/,https://cdn.notinoimg.com/list_2k//opalescence/883205029430_01-o__160513.jpg
Extreme Whitening,Swissdent,315,https://www.notino.cz/swissdent/extreme-zubni-pasta/,https://cdn.notinoimg.com/list_2k//swissdent/7640126190037_01-o__121205.jpg
Gum & Enamel Repair Fresh White,Oral B,112,https://www.notino.cz/oral-b/gum-enamel-repair-extra-fresh-zubni-pasta-pro-svezi-dech/,https://cdn.notinoimg.com/list_2k//oral-b/8001090794413_01-o__240304.jpg
Whitening Herbal,MEDIBLANC,306,https://www.notino.cz/mediblanc/whitening-herbal-bylinna-zubni-pasta-s-belicim-ucinkem/,https://cdn.notinoimg.com/list_2k//mediblanc/8059300538166-o__221027.jpg
Triple Action Original Mint,Colgate,29,https://www.notino.cz/colgate/triple-action-duopack-zubni-pasta/,https://cdn.notinoimg.com/list_2k//colgate/6920354835971_01-o__230810.jpg
Caries Protection Kids,Elmex,86,https://www.notino.cz/elmex/caries-protection-kids-zubni-pasta-pro-deti-73190/,https://cdn.notinoimg.com/list_2k//elmex/7610108056354_01-o__230215.jpg
Original White,G.U.M,96,https://www.notino.cz/gum/original-white-belici-zubni-pasta/,https://cdn.notinoimg.com/list_2k//gum/gumorwu_ktps10__131106.jpg
Natural,Jack N’ Jill,134,https://www.notino.cz/jack-n-jill/natural-zubni-pasta-pro-deti/,https://cdn.notinoimg.com/list_2k//jack-n-jill/9312657009017_01-o__230602.jpg
Mintperfekt Activ,Ziaja,49,https://www.notino.cz/ziaja/mintperfekt-activ-remineralizujici-zubni-pasta/,https://cdn.notinoimg.com/list_2k//ziaja/5901887039921-o__170327.jpg
Teeth,NUK,165,https://www.notino.cz/nuk/teeth-sada-zubni-pecepro-deti/,https://cdn.notinoimg.com/list_2k//nuk/4008600215769_01__210818.jpg
Natural Siberian 7 Northern Herbs,Natura Siberica,90,https://www.notino.cz/natura-siberica/natura-siberica-natural-siberian-7-northern-herbs-zubni-pasta-proti-krvaceni-dasni/,https://cdn.notinoimg.com/list_2k//natura-siberica/4607174437531_01-o__190709.jpg
Professional Choice,White Glo,18,https://www.notino.cz/white-glo/professional-choice-belici-zubni-pasta-na-cesty/,https://cdn.notinoimg.com/list_2k//white-glo/9319871000189_01-o__210524.jpg
Kids 0-6,Biorepair,67,https://www.notino.cz/biorepair/junior-zubni-pasta-pro-deti/,https://cdn.notinoimg.com/list_2k//biorepair/8017331069202_01-o__210205.jpg
Natural Siberian Siberian Pearl,Natura Siberica,73,https://www.notino.cz/natura-siberica/natural-siberian-siberian-pearl-belici-zubni-pasta-pro-svezi-dech/,https://cdn.notinoimg.com/list_2k//natura-siberica/4607174437548_01-o__190611.jpg
Tooth Mousse,GC,494,https://www.notino.cz/gc/tooth-mousse-tutti-frutti-remineralizacni-ochranny-krem-pro-citlive-zuby-bez-fluoridu/,https://cdn.notinoimg.com/list_2k//gc/2800011949248_01-o__160324.jpg
Whitening Mint,Marvis,104,https://www.notino.cz/marvis/whitening-mint-zubni-pasta-s-belicim-ucinkem/,https://cdn.notinoimg.com/list_2k//marvis/8004395111718_01-o__171120.jpg
Caries Protection,Elmex,110,https://www.notino.cz/elmex/caries-protection-zubni-pasta-chranici-pred-zubnim-kazem-s-fluoridem-73186/,https://cdn.notinoimg.com/list_2k//elmex/4007965560002_11-o__140311.jpg
Sensitive Whitening,Elmex,79,https://www.notino.cz/elmex/sensitive-whitening-pasta-pro-prirozene-bile-zuby-73519/,https://cdn.notinoimg.com/list_2k//elmex/8714789899299_01-o__140528.jpg
Junior 6-12 Years,Elmex,130,https://www.notino.cz/elmex/junior-6-12-years-zubni-pasta-pro-deti-73188/,https://cdn.notinoimg.com/list_2k//elmex/9003096004991_01-o__140313.jpg
Expert Black Whitening,Ecodenta,63,https://www.notino.cz/ecodenta/extra-cerna-belici-zubni-pasta/,https://cdn.notinoimg.com/list_2k//ecodenta/4770001336991_01-o__160825.jpg
Natural Toothpaste White Fluoride,BEN&ANNA,145,https://www.notino.cz/benanna/natural-toothpaste-white-fluoride-belici-zubni-pasta-s-fluoridem/,https://cdn.notinoimg.com/list_2k//benanna/4260491220943_01.-o__221101.jpg
Natural White Charcoal Whitening,Beverly Hills Formula,269,https://www.notino.cz/beverly-hills-formula/natural-white-belici-zubni-pasta-s-aktivnim-uhlim/,https://cdn.notinoimg.com/list_2k//beverly-hills-formula/5020105003923_01-o__220912.jpg
White & Gloss,Perl Weiss,135,https://www.notino.cz/perl-weiss/white-gloss-belici-zubni-pasta/,https://cdn.notinoimg.com/list_2k//perl_weiss/4008890009314_01__240111.jpg
The Mints Jasmin,Marvis,297,https://www.notino.cz/marvis/the-mints-jasmin-sada-na-zuby/,https://cdn.notinoimg.com/list_2k//marvis/8004395112258_01-o__240318.jpg
All In One,Yotuel,372,https://www.notino.cz/yotuel/all-in-one-belici-zubni-krem/,https://cdn.notinoimg.com/list_2k//yotuel/yotaiow_ktps20__150428.jpg
Professional White Range,Beverly Hills Formula,326,https://www.notino.cz/beverly-hills-formula/professional-white-range-belici-zubni-pasta-s-fluoridem/,https://cdn.notinoimg.com/list_2k//beverly-hills-formula/5020105003138_01-o__180326.jpg
Baby Shark,Corsair,51,https://www.notino.cz/corsair/baby-shark-zubni-pasta-pro-deti/,https://cdn.notinoimg.com/list_2k//corsair/5013692251235_01__231002.jpg
Night & Day,White Glo,140,https://www.notino.cz/white-glo/night-day-kosmeticka-sada-i/,https://cdn.notinoimg.com/list_2k//white-glo/9319871000226_01-o__220624.jpg
Glitter Gold&Black,Beverly Hills Formula,157,https://www.notino.cz/beverly-hills-formula/glitter-goldblack-belici-zubni-pasta-vegan/,https://cdn.notinoimg.com/list_2k//beverly-hills-formula/5020105004326_01-o__240423.jpg
Toothpaste Wild Berry,BEN&ANNA,103,https://www.notino.cz/benanna/toothpaste-wild-berry-prirodni-zubni-pasta/,https://cdn.notinoimg.com/list_2k//benanna/4260491223036_01-o__230331.jpg
Gift Sets Great Joyful,HAAN,655,https://www.notino.cz/haan/gift-sets-great-aquamarine-darkova-sada-hyva-meininki/,https://cdn.notinoimg.com/list_2k//haan/5060917123549_01-o__230619.jpg
Sensitive Forte,White Glo,158,https://www.notino.cz/white-glo/sensitive-forte-sada-zubni-pece/,https://cdn.notinoimg.com/list_2k//white-glo/9319871000653_01-o__210524.jpg
Hydral,G.U.M,145,https://www.notino.cz/gum/hydral-hydratacni-gel-na-zuby-jazyk-a-dasne/,https://cdn.notinoimg.com/list_2k//gum/gumhydu_ktps10__150309.jpg
Toothpaste Coco Mania,BEN&ANNA,112,https://www.notino.cz/benanna/toothpaste-coco-mania-prirodni-zubni-pasta/,https://cdn.notinoimg.com/list_2k//benanna/4260491223043_01-o__230331.jpg
Toothpaste Black,BEN&ANNA,105,https://www.notino.cz/benanna/toothpaste-black-prirodni-zubni-pasta-s-aktivnim-uhlim/,https://cdn.notinoimg.com/list_2k//benanna/4260491223012_01-o__230331.jpg
Micellar,White Glo,120,https://www.notino.cz/white-glo/micellar-sada-zubni-pece/,https://cdn.notinoimg.com/list_2k//white-glo/9319871001391_01-o__230606.jpg
Perfect White Gold,Beverly Hills Formula,166,https://www.notino.cz/beverly-hills-formula/perfect-white-gold-belici-zubni-pasta-s-casteckami-zlata/,https://cdn.notinoimg.com/list_2k//beverly-hills-formula/bevpwgw_ktps10_01__160503.jpg
O3X Toothpaste,BlanX,169,https://www.notino.cz/blanx/o3x-oxygen-power-belici-zubni-pasta/,https://cdn.notinoimg.com/list_2k//blanx/8017331065891_01-o__190919.jpg
Natural,Jack N’ Jill,188,https://www.notino.cz/jack-n-jill/natural-sada-zubni-pecepro-deti/,https://cdn.notinoimg.com/list_2k//jack-n-jill/9312657011027_01-o__230602.jpg
Complete 7 + White,Blend-a-med,81,https://www.notino.cz/blend-a-med/complete-7-white-zubni-pasta-pro-kompletni-ochranu-zubu/,https://cdn.notinoimg.com/list_2k//blend-a-med/blecpww_ktps10_01__150925.jpg
Peribioma Pro,Biorepair,368,https://www.notino.cz/biorepair/peribioma-pro-zubni-pasta-pro-citlive-zuby/,https://cdn.notinoimg.com/list_2k//biorepair/8017331064115_01-o__220530.jpg
Black Lux,Curasept,178,https://www.notino.cz/curasept/black-lux-cerna-belici-zubni-pasta-s-belicim-ucinkem/,https://cdn.notinoimg.com/list_2k//curasept/8056746071998_01-o__220218.jpg
Probiotic,White Glo,199,https://www.notino.cz/white-glo/probiotic-sada-zubni-pece/,https://cdn.notinoimg.com/list_2k//white-glo/9319871001506_00-o__230606.jpg
Baby,Ziaja,38,https://www.notino.cz/ziaja/ziajka-zubni-gel-pro-deti/,https://cdn.notinoimg.com/list_2k//ziaja/5901887008392-o__160428.jpg
Family Whitening,WOOM,90,https://www.notino.cz/woom/family-whitening-belici-zubni-pasta/,https://cdn.notinoimg.com/list_2k//woom/8420075180346_01-o__220830.jpg
Gingival Set,Vitis,302,https://www.notino.cz/vitis/gingival-darkova-sada/,https://cdn.notinoimg.com/list_2k//vitis/2800010517943_01-o__220926.jpg
Gingival Pro,WOOM,160,https://www.notino.cz/woom/gingival-pro-posilujici-zubni-pasta/,https://cdn.notinoimg.com/list_2k//woom/4751033921089_01-o__230504.jpg
Total Mouth Detox,White Glo,171,https://www.notino.cz/white-glo/total-mouth-detox-sada-pro-beleni-zubu/,https://cdn.notinoimg.com/list_2k//white-glo/9319871001025_01-o__210524.jpg
Oral Care Set,Chicco,249,https://www.notino.cz/chicco/oral-care-set-sada-zubni-pece-pro-miminka/,https://cdn.notinoimg.com/list_2k//chicco/8058664155798_01__231124.jpg
Gift Sets Great Aquamarine,HAAN,549,https://www.notino.cz/haan/gift-sets-great-aquamarine-darkova-sada-6877842/,https://cdn.notinoimg.com/list_2k//haan/5060917123525_01-o__230619.jpg
Green Sensitivity Relief,Ecodenta,66,https://www.notino.cz/ecodenta/green-sensitivity-relief-zubni-pasta-pro-citlive-zuby/,https://cdn.notinoimg.com/list_2k//ecodenta/4770001333884_01-o__170112.jpg
Daily Care Essentials,Blue M,769,https://www.notino.cz/blue-m/daily-care-essentials-darkova-sadana-zuby/,https://cdn.notinoimg.com/list_2k//bluem/787790838036_01-o__211217.jpg
Charcoal,Blend-a-med,69,https://www.notino.cz/blend-a-med/charcoal-zubni-pasta-s-aktivnim-uhlim/,https://cdn.notinoimg.com/list_2k//blend-a-med/8001841825519_01-o__220816.jpg
GTS2066+WT3500 Exclusive Set,Dr. Mayer,2 299,https://www.notino.cz/dr-mayer/bundle-darkova-sada/,https://cdn.notinoimg.com/list_2k//dr_mayer/8591205717791_01__211124.jpg
Medium,Vitis,302,https://www.notino.cz/vitis/medium-zubni-kartacek-mini-zubni-pasta/,https://cdn.notinoimg.com/list_2k//vitis/8427426006591_01-o__230202.jpg
Natural Elements Integral 8 Camomile,Signal,71,https://www.notino.cz/signal/natural-elements-integral-8-camomile-zubni-pasta/,https://cdn.notinoimg.com/list_2k//signal/8720181230585_01-o__220812.jpg
AC Milan Oral Hygiene Gift Set,EP Line,309,https://www.notino.cz/ep-line/ac-milan-oral-hygiene-gift-set-darkova-sadapro-deti/,https://cdn.notinoimg.com/list_2k//ep-line/8029241131962_01__231120.jpg
Gift Sets The core four - Serenity,HAAN,729,https://www.notino.cz/haan/gift-sets-the-core-four-serenity-darkova-sada/,https://cdn.notinoimg.com/list_2k//haan/5060917123532_01-o__230619.jpg
White & Charcoal,Perl Weiss,151,https://www.notino.cz/perl-weiss/white-charcoal-belici-zubni-pasta/,https://cdn.notinoimg.com/list_2k//perl_weiss/4008890009154_01__240111.jpg
CBD Charcoal Whitening,White Pearl,198,https://www.notino.cz/white-pearl/cbd-charcoal-whitening-belici-zubni-pasta-s-aktivnim-uhlim-s-cbd/,https://cdn.notinoimg.com/list_2k//white-pearl/8594069333336_01-o__230725.jpg
Inter Oral Hygiene Gift Set,EP Line,322,https://www.notino.cz/ep-line/inter-oral-hygiene-gift-set-darkova-sadapro-deti/,https://cdn.notinoimg.com/list_2k//ep-line/8029241132006_01__231120.jpg
Triple Action Xtra White,Colgate,65,https://www.notino.cz/colgate/triple-action-xtra-white-belici-zubni-pasta-s-fluoridem/,https://cdn.notinoimg.com/list_2k//colgate/8718951294721_01-o__200212.jpg
Toothpaste,Baby Anthyllis,127,https://www.notino.cz/baby-anthyllis/toothpaste-zubni-pasta-pro-deti/,https://cdn.notinoimg.com/list_2k//baby_anthyllis/8002849910191_01-o__230629.jpg
Kids,Tołpa,30,https://www.notino.cz/tolpa/kids-zubni-pasta-pro-deti/,https://cdn.notinoimg.com/list_2k//tolpa/5902719419256_01-o__210414.jpg
Total Charcoal,Colgate,71,https://www.notino.cz/colgate/total-charcoal-belici-zubni-pasta-s-aktivnim-uhlim/,https://cdn.notinoimg.com/list_2k//colgate/6920354829406_01-o__221125.jpg
Smile Beauty Care Gift Pack,My White Secret,999,https://www.notino.cz/my-white-secret/smile-beauty-care-sada-zubni-pecepro-zarivy-usmev/,https://cdn.notinoimg.com/list_2k//my-white-secret/5060548390082_07__200903.jpg
Total Junior,Colgate,75,https://www.notino.cz/colgate/total-junior-zubni-pasta-pro-dukladne-vycisteni-zubu-a-ustni-dutiny-pro-deti/,https://cdn.notinoimg.com/list_2k//colgate/8718951433120_01-o__221125.jpg
Black Lux Set,Curasept,439,https://www.notino.cz/curasept/black-lux-set-belici-sada-na-zuby/,https://cdn.notinoimg.com/list_2k//curasept/8056746071486_01-o__220218.jpg
White Lux Set,Curasept,439,https://www.notino.cz/curasept/white-lux-set-belici-sada-na-zuby/,https://cdn.notinoimg.com/list_2k//curasept/8056746071493_01-o__220218.jpg
3D White Delicate White,Blend-a-med,63,https://www.notino.cz/blend-a-med/3d-white-delicate-white-belici-zubni-pasta/,https://cdn.notinoimg.com/list_2k//blend-a-med/8006540793183_01-o__230221.jpg
Advanced White Volcanic Ash and Baking Soda,Colgate,53,https://www.notino.cz/colgate/advanced-white-volcanic-ash-and-baking-soda-prirodni-zubni-pasta/,https://cdn.notinoimg.com/list_2k//colgate/8718951555488_01-o__230426.jpg
SensiVital,G.U.M,108,https://www.notino.cz/gum/sensivital-zubni-pasta-pro-citlive-zuby/,https://cdn.notinoimg.com/list_2k//gum/gumsevu_ktps10__131107.jpg
Herbal Original,Colgate,50,https://www.notino.cz/colgate/herbal-original-bylinna-zubni-pasta/,https://cdn.notinoimg.com/list_2k//colgate/clghrow_ktps10_01__160306.jpg
Optima,Apis Natural Cosmetics,92,https://www.notino.cz/apis-natural-cosmetics/optima-zubni-pasta-s-mineraly-z-mrtveho-more/,https://cdn.notinoimg.com/list_2k//apis_natural_cosmetics/5901810041113_01-o__230906.jpg
Aktiv,Lacalut,195,https://www.notino.cz/lacalut/aktiv-belici-zubni-pasta-pro-zdrave-zuby-a-dasne/,https://cdn.notinoimg.com/list_2k//lacalut/4016369656426_01-o__200110.jpg
Integral 8 Actions,Signal,58,https://www.notino.cz/signal/integral-8-zubni-pasta/,https://cdn.notinoimg.com/list_2k//signal/8720181117640_01-o__210611.jpg
Juventus,EP Line,366,https://www.notino.cz/ep-line/juventus-darkova-sada/,https://cdn.notinoimg.com/list_2k//ep-line/8029241128917_01-o__211014.jpg
KIDS Orange,MEDIBLANC,175,https://www.notino.cz/mediblanc/kids-orange-detska-zubni-pasta-2186097/,https://cdn.notinoimg.com/list_2k//mediblanc/8059300533130_01-o__220114.jpg
Daily rescue pack Serenity,HAAN,175,https://www.notino.cz/haan/daily-rescue-pack-serenity-darkova-sada-hyva-meininki/,https://cdn.notinoimg.com/list_2k//haan/5060917123518_01-o__230619.jpg
Pure,TePe,162,https://www.notino.cz/tepe/pure-zubni-pasta/,https://cdn.notinoimg.com/list_2k//tepe/7350121254114_01-o__240419.jpg
Whitening,Opalescence,85,https://www.notino.cz/opalescence/original-formula-belici-zubni-pasta-s-fluoridem/,https://cdn.notinoimg.com/list_2k//opalescence/883205029492_01-o__160127.jpg
Whitening Sensitivity Relief,Opalescence,97,https://www.notino.cz/opalescence/sensitivity-relief-belici-pasta-pro-citlive-zuby/,https://cdn.notinoimg.com/list_2k//opalescence/883205029430_01-o__160513.jpg
Extreme Whitening,Swissdent,315,https://www.notino.cz/swissdent/extreme-zubni-pasta/,https://cdn.notinoimg.com/list_2k//swissdent/7640126190037_01-o__121205.jpg
Triple Action Original Mint,Colgate,29,https://www.notino.cz/colgate/triple-action-duopack-zubni-pasta/,https://cdn.notinoimg.com/list_2k//colgate/6920354835971_01-o__230810.jpg
Caries Protection Kids,Elmex,86,https://www.notino.cz/elmex/caries-protection-kids-zubni-pasta-pro-deti-73190/,https://cdn.notinoimg.com/list_2k//elmex/7610108056354_01-o__230215.jpg
Original White,G.U.M,96,https://www.notino.cz/gum/original-white-belici-zubni-pasta/,https://cdn.notinoimg.com/list_2k//gum/gumorwu_ktps10__131106.jpg
Natural,Jack N’ Jill,134,https://www.notino.cz/jack-n-jill/natural-zubni-pasta-pro-deti/,https://cdn.notinoimg.com/list_2k//jack-n-jill/9312657009017_01-o__230602.jpg
Mintperfekt Activ,Ziaja,49,https://www.notino.cz/ziaja/mintperfekt-activ-remineralizujici-zubni-pasta/,https://cdn.notinoimg.com/list_2k//ziaja/5901887039921-o__170327.jpg
Natural Siberian 7 Northern Herbs,Natura Siberica,90,https://www.notino.cz/natura-siberica/natura-siberica-natural-siberian-7-northern-herbs-zubni-pasta-proti-krvaceni-dasni/,https://cdn.notinoimg.com/list_2k//natura-siberica/4607174437531_01-o__190709.jpg
Kids 0-6,Biorepair,67,https://www.notino.cz/biorepair/junior-zubni-pasta-pro-deti/,https://cdn.notinoimg.com/list_2k//biorepair/8017331069202_01-o__210205.jpg
Professional Choice,White Glo,18,https://www.notino.cz/white-glo/professional-choice-belici-zubni-pasta-na-cesty/,https://cdn.notinoimg.com/list_2k//white-glo/9319871000189_01-o__210524.jpg
Tooth Mousse,GC,494,https://www.notino.cz/gc/tooth-mousse-tutti-frutti-remineralizacni-ochranny-krem-pro-citlive-zuby-bez-fluoridu/,https://cdn.notinoimg.com/list_2k//gc/2800011949248_01-o__160324.jpg
Natural Siberian Siberian Pearl,Natura Siberica,73,https://www.notino.cz/natura-siberica/natural-siberian-siberian-pearl-belici-zubni-pasta-pro-svezi-dech/,https://cdn.notinoimg.com/list_2k//natura-siberica/4607174437548_01-o__190611.jpg
Caries Protection,Elmex,104,https://www.notino.cz/elmex/caries-protection-zubni-pasta-chranici-pred-zubnim-kazem-s-fluoridem-73186/,https://cdn.notinoimg.com/list_2k//elmex/4007965560002_11-o__140311.jpg
Whitening Mint,Marvis,79,https://www.notino.cz/marvis/whitening-mint-zubni-pasta-s-belicim-ucinkem/,https://cdn.notinoimg.com/list_2k//marvis/8004395111718_01-o__171120.jpg
Junior 6-12 Years,Elmex,193,https://www.notino.cz/elmex/junior-6-12-years-zubni-pasta-pro-deti-73188/,https://cdn.notinoimg.com/list_2k//elmex/9003096004991_01-o__140313.jpg
Whitening,MEDIBLANC,110,https://www.notino.cz/mediblanc/whitening-zubni-pasta-s-belicim-ucinkem/,https://cdn.notinoimg.com/list_2k//mediblanc/3760275386502-o__221107.jpg
Sensitive Whitening,Elmex,102,https://www.notino.cz/elmex/sensitive-whitening-pasta-pro-prirozene-bile-zuby-73519/,https://cdn.notinoimg.com/list_2k//elmex/8714789899299_01-o__140528.jpg
Dental Care,Weleda,130,https://www.notino.cz/weleda/dental-care-detsky-zubni-gel/,https://cdn.notinoimg.com/list_2k//weleda/4001638081863_01-o__121109.jpg
Expert Black Whitening,Ecodenta,63,https://www.notino.cz/ecodenta/extra-cerna-belici-zubni-pasta/,https://cdn.notinoimg.com/list_2k//ecodenta/4770001336991_01-o__160825.jpg
Gum Protection,Meridol,245,https://www.notino.cz/meridol/meridol-zubni-pasta-proti-krvaceni-dasni/,https://cdn.notinoimg.com/list_2k//meridol/8718951459885_01-o__220524.jpg
Be You,Curaprox,97,https://www.notino.cz/curaprox/be-you-rising-star-regeneracni-zubni-pasta-s-belicim-ucinkem/,https://cdn.notinoimg.com/list_2k//curaprox/7612412429503_01-o__220225.jpg
Professional Medical Herbs,Splat,84,https://www.notino.cz/splat/professional-medical-herbs-bioaktivni-zubni-pasta-pro-ochranu-zubu-a-dasni/,https://cdn.notinoimg.com/list_2k//splat/7640168930097_01-o__220908.jpg
Whitening,Opalescence,85,https://www.notino.cz/opalescence/original-formula-belici-zubni-pasta-s-fluoridem/,https://cdn.notinoimg.com/list_2k//opalescence/883205029492_01-o__160127.jpg
Whitening Sensitivity Relief,Opalescence,97,https://www.notino.cz/opalescence/sensitivity-relief-belici-pasta-pro-citlive-zuby/,https://cdn.notinoimg.com/list_2k//opalescence/883205029430_01-o__160513.jpg
Extreme Whitening,Swissdent,315,https://www.notino.cz/swissdent/extreme-zubni-pasta/,https://cdn.notinoimg.com/list_2k//swissdent/7640126190037_01-o__121205.jpg
Triple Action Original Mint,Colgate,29,https://www.notino.cz/colgate/triple-action-duopack-zubni-pasta/,https://cdn.notinoimg.com/list_2k//colgate/6920354835971_01-o__230810.jpg
Caries Protection Kids,Elmex,86,https://www.notino.cz/elmex/caries-protection-kids-zubni-pasta-pro-deti-73190/,https://cdn.notinoimg.com/list_2k//elmex/7610108056354_01-o__230215.jpg
Original White,G.U.M,96,https://www.notino.cz/gum/original-white-belici-zubni-pasta/,https://cdn.notinoimg.com/list_2k//gum/gumorwu_ktps10__131106.jpg
Natural,Jack N’ Jill,134,https://www.notino.cz/jack-n-jill/natural-zubni-pasta-pro-deti/,https://cdn.notinoimg.com/list_2k//jack-n-jill/9312657009017_01-o__230602.jpg
Mintperfekt Activ,Ziaja,49,https://www.notino.cz/ziaja/mintperfekt-activ-remineralizujici-zubni-pasta/,https://cdn.notinoimg.com/list_2k//ziaja/5901887039921-o__170327.jpg
Natural Siberian 7 Northern Herbs,Natura Siberica,90,https://www.notino.cz/natura-siberica/natura-siberica-natural-siberian-7-northern-herbs-zubni-pasta-proti-krvaceni-dasni/,https://cdn.notinoimg.com/list_2k//natura-siberica/4607174437531_01-o__190709.jpg
Kids 0-6,Biorepair,67,https://www.notino.cz/biorepair/junior-zubni-pasta-pro-deti/,https://cdn.notinoimg.com/list_2k//biorepair/8017331069202_01-o__210205.jpg
Professional Choice,White Glo,18,https://www.notino.cz/white-glo/professional-choice-belici-zubni-pasta-na-cesty/,https://cdn.notinoimg.com/list_2k//white-glo/9319871000189_01-o__210524.jpg
Tooth Mousse,GC,494,https://www.notino.cz/gc/tooth-mousse-tutti-frutti-remineralizacni-ochranny-krem-pro-citlive-zuby-bez-fluoridu/,https://cdn.notinoimg.com/list_2k//gc/2800011949248_01-o__160324.jpg
Natural Siberian Siberian Pearl,Natura Siberica,73,https://www.notino.cz/natura-siberica/natural-siberian-siberian-pearl-belici-zubni-pasta-pro-svezi-dech/,https://cdn.notinoimg.com/list_2k//natura-siberica/4607174437548_01-o__190611.jpg
Caries Protection,Elmex,104,https://www.notino.cz/elmex/caries-protection-zubni-pasta-chranici-pred-zubnim-kazem-s-fluoridem-73186/,https://cdn.notinoimg.com/list_2k//elmex/4007965560002_11-o__140311.jpg
Whitening Mint,Marvis,79,https://www.notino.cz/marvis/whitening-mint-zubni-pasta-s-belicim-ucinkem/,https://cdn.notinoimg.com/list_2k//marvis/8004395111718_01-o__171120.jpg
Junior 6-12 Years,Elmex,193,https://www.notino.cz/elmex/junior-6-12-years-zubni-pasta-pro-deti-73188/,https://cdn.notinoimg.com/list_2k//elmex/9003096004991_01-o__140313.jpg
Whitening,MEDIBLANC,110,https://www.notino.cz/mediblanc/whitening-zubni-pasta-s-belicim-ucinkem/,https://cdn.notinoimg.com/list_2k//mediblanc/3760275386502-o__221107.jpg
Sensitive Whitening,Elmex,102,https://www.notino.cz/elmex/sensitive-whitening-pasta-pro-prirozene-bile-zuby-73519/,https://cdn.notinoimg.com/list_2k//elmex/8714789899299_01-o__140528.jpg
Dental Care,Weleda,130,https://www.notino.cz/weleda/dental-care-detsky-zubni-gel/,https://cdn.notinoimg.com/list_2k//weleda/4001638081863_01-o__121109.jpg
Expert Black Whitening,Ecodenta,63,https://www.notino.cz/ecodenta/extra-cerna-belici-zubni-pasta/,https://cdn.notinoimg.com/list_2k//ecodenta/4770001336991_01-o__160825.jpg
Gum Protection,Meridol,245,https://www.notino.cz/meridol/meridol-zubni-pasta-proti-krvaceni-dasni/,https://cdn.notinoimg.com/list_2k//meridol/8718951459885_01-o__220524.jpg
Be You,Curaprox,97,https://www.notino.cz/curaprox/be-you-rising-star-regeneracni-zubni-pasta-s-belicim-ucinkem/,https://cdn.notinoimg.com/list_2k//curaprox/7612412429503_01-o__220225.jpg
Professional Medical Herbs,Splat,84,https://www.notino.cz/splat/professional-medical-herbs-bioaktivni-zubni-pasta-pro-ochranu-zubu-a-dasni/,https://cdn.notinoimg.com/list_2k//splat/7640168930097_01-o__220908.jpg
